{
  "dataset_version": null,
  "mteb_version": "0.0.2",
  "test": {
    "evaluation_time": 43650.29,
    "map_at_1": 0.03913,
    "map_at_10": 0.07002,
    "map_at_100": 0.07916,
    "map_at_1000": 0.08096,
    "map_at_3": 0.05821,
    "map_at_5": 0.06446,
    "mrr_at_1": 0.08795,
    "mrr_at_10": 0.14549,
    "mrr_at_100": 0.15706,
    "mrr_at_1000": 0.15802,
    "mrr_at_3": 0.12617,
    "mrr_at_5": 0.13584,
    "ndcg_at_1": 0.08795,
    "ndcg_at_10": 0.10613,
    "ndcg_at_100": 0.15763,
    "ndcg_at_1000": 0.20011,
    "ndcg_at_3": 0.08252,
    "ndcg_at_5": 0.09129,
    "precision_at_1": 0.08795,
    "precision_at_10": 0.03388,
    "precision_at_100": 0.00884,
    "precision_at_1000": 0.00164,
    "precision_at_3": 0.06145,
    "precision_at_5": 0.0486,
    "recall_at_1": 0.03913,
    "recall_at_10": 0.13623,
    "recall_at_100": 0.32653,
    "recall_at_1000": 0.57721,
    "recall_at_3": 0.07988,
    "recall_at_5": 0.10231
  }
}