{
    "mteb_version": "0.0.2",
    "test": {
        "evaluation_time": 976.48,
        "map_at_1": 0.41749,
        "map_at_10": 0.53895,
        "map_at_100": 0.55054,
        "map_at_1000": 0.551,
        "map_at_3": 0.50671,
        "map_at_5": 0.52358,
        "mrr_at_1": 0.47837,
        "mrr_at_10": 0.57643,
        "mrr_at_100": 0.58379,
        "mrr_at_1000": 0.58401,
        "mrr_at_3": 0.55319,
        "mrr_at_5": 0.56569,
        "ndcg_at_1": 0.47837,
        "ndcg_at_10": 0.59927,
        "ndcg_at_100": 0.64274,
        "ndcg_at_1000": 0.65128,
        "ndcg_at_3": 0.54562,
        "ndcg_at_5": 0.56884,
        "precision_at_1": 0.47837,
        "precision_at_10": 0.09586,
        "precision_at_100": 0.01274,
        "precision_at_1000": 0.00138,
        "precision_at_3": 0.24117,
        "precision_at_5": 0.16364,
        "recall_at_1": 0.41749,
        "recall_at_10": 0.74086,
        "recall_at_100": 0.9233,
        "recall_at_1000": 0.98217,
        "recall_at_3": 0.5945,
        "recall_at_5": 0.65186
    },
    "mteb_dataset_name": "CQADupstackGamingRetrieval",
    "dataset_revision": "2b9f5791698b5be7bc5e10535c8690f20043c3db"
}