{
    "mteb_version": "0.0.2",
    "test": {
        "evaluation_time": 1450.21,
        "map_at_1": 0.21529,
        "map_at_10": 0.28545,
        "map_at_100": 0.29523,
        "map_at_1000": 0.29607,
        "map_at_3": 0.26327,
        "map_at_5": 0.27525,
        "mrr_at_1": 0.2454,
        "mrr_at_10": 0.31224,
        "mrr_at_100": 0.32106,
        "mrr_at_1000": 0.32168,
        "mrr_at_3": 0.29243,
        "mrr_at_5": 0.30256,
        "ndcg_at_1": 0.2454,
        "ndcg_at_10": 0.32662,
        "ndcg_at_100": 0.37731,
        "ndcg_at_1000": 0.3986,
        "ndcg_at_3": 0.28527,
        "ndcg_at_5": 0.30332,
        "precision_at_1": 0.2454,
        "precision_at_10": 0.0523,
        "precision_at_100": 0.0085,
        "precision_at_1000": 0.0011,
        "precision_at_3": 0.12423,
        "precision_at_5": 0.0865,
        "recall_at_1": 0.21529,
        "recall_at_10": 0.42874,
        "recall_at_100": 0.66428,
        "recall_at_1000": 0.81964,
        "recall_at_3": 0.31264,
        "recall_at_5": 0.35869
    },
    "mteb_dataset_name": "CQADupstackStatsRetrieval",
    "dataset_revision": "2b9f5791698b5be7bc5e10535c8690f20043c3db"
}