{
    "mteb_version": "0.0.2",
    "test": {
        "evaluation_time": 586.04,
        "map_at_1": 0.16783,
        "map_at_10": 0.25273,
        "map_at_100": 0.26435,
        "map_at_1000": 0.26561,
        "map_at_3": 0.22563,
        "map_at_5": 0.24304,
        "mrr_at_1": 0.20274,
        "mrr_at_10": 0.29148,
        "mrr_at_100": 0.30103,
        "mrr_at_1000": 0.30171,
        "mrr_at_3": 0.26202,
        "mrr_at_5": 0.28186,
        "ndcg_at_1": 0.20274,
        "ndcg_at_10": 0.30627,
        "ndcg_at_100": 0.36348,
        "ndcg_at_1000": 0.39287,
        "ndcg_at_3": 0.25579,
        "ndcg_at_5": 0.2846,
        "precision_at_1": 0.20274,
        "precision_at_10": 0.05746,
        "precision_at_100": 0.01004,
        "precision_at_1000": 0.00138,
        "precision_at_3": 0.12479,
        "precision_at_5": 0.09453,
        "recall_at_1": 0.16783,
        "recall_at_10": 0.43101,
        "recall_at_100": 0.68152,
        "recall_at_1000": 0.8938,
        "recall_at_3": 0.29512,
        "recall_at_5": 0.36586
    },
    "mteb_dataset_name": "CQADupstackMathematicaRetrieval",
    "dataset_revision": "2b9f5791698b5be7bc5e10535c8690f20043c3db"
}