{
    "mteb_version": "0.0.2",
    "test": {
        "cos_sim": {
            "pearson": 0.8239443014590888,
            "spearman": 0.7997772392974231
        },
        "euclidean": {
            "pearson": 0.7949933809169611,
            "spearman": 0.7997770922110794
        },
        "evaluation_time": 52.56,
        "manhattan": {
            "pearson": 0.7949692331391482,
            "spearman": 0.7994921812114357
        }
    },
    "mteb_dataset_name": "SICK-R",
    "dataset_revision": "20a6d6f312dd54037fe07a32d58e5e168867909d"
}