{
  "dataset_version": null,
  "mteb_version": "0.0.2",
  "test": {
    "cos_sim": {
      "accuracy": 0.891644351302053,
      "accuracy_threshold": 0.859760046005249,
      "ap": 0.8585801141070208,
      "f1": 0.7838483355724735,
      "f1_threshold": 0.8445074558258057,
      "precision": 0.7605735805330244,
      "recall": 0.8085925469664306
    },
    "dot": {
      "accuracy": 0.891644351302053,
      "accuracy_threshold": 0.8597601056098938,
      "ap": 0.8585798955298956,
      "f1": 0.7838483355724735,
      "f1_threshold": 0.8445074558258057,
      "precision": 0.7605735805330244,
      "recall": 0.8085925469664306
    },
    "euclidean": {
      "accuracy": 0.891644351302053,
      "accuracy_threshold": 0.5296035408973694,
      "ap": 0.8585798683383523,
      "f1": 0.7838483355724735,
      "f1_threshold": 0.5576603412628174,
      "precision": 0.7605735805330244,
      "recall": 0.8085925469664306
    },
    "evaluation_time": 261.56,
    "manhattan": {
      "accuracy": 0.8912562580044243,
      "accuracy_threshold": 11.663049697875977,
      "ap": 0.8584394093714267,
      "f1": 0.7838306347508575,
      "f1_threshold": 12.443498611450195,
      "precision": 0.752283185840708,
      "recall": 0.8181398213735757
    },
    "max": {
      "accuracy": 0.891644351302053,
      "ap": 0.8585801141070208,
      "f1": 0.7838483355724735
    }
  }
}