{
  "dataset_revision": "1399c76144fd37290681b995c656ef9b2e06e26d",
  "mteb_dataset_name": "AmazonReviewsClassification",
  "mteb_version": "1.1.2.dev0",
  "test": {
    "evaluation_time": 17.74,
    "fr": {
      "accuracy": 0.35764,
      "accuracy_stderr": 0.022215274024868566,
      "f1": 0.3494073084679986,
      "f1_stderr": 0.02224401381051284,
      "main_score": 0.35764
    }
  }
}