{
  "dataset_revision": "5effa1b9b5fa3b0f9e12523e6e43e5f86a6e6d59",
  "mteb_dataset_name": "BSARDRetrieval",
  "mteb_version": "1.9.1",
  "test": {
    "evaluation_time": 36.42,
    "map_at_1": 0.01802,
    "map_at_10": 0.03761,
    "map_at_100": 0.04506,
    "map_at_1000": 0.04627,
    "map_at_20": 0.04132,
    "map_at_3": 0.03003,
    "map_at_5": 0.03498,
    "mrr_at_1": 0.01802,
    "mrr_at_10": 0.03836,
    "mrr_at_100": 0.04581,
    "mrr_at_1000": 0.04702,
    "mrr_at_20": 0.04207,
    "mrr_at_3": 0.03078,
    "mrr_at_5": 0.03574,
    "ndcg_at_1": 0.01802,
    "ndcg_at_10": 0.04905,
    "ndcg_at_100": 0.09009,
    "ndcg_at_1000": 0.13087,
    "ndcg_at_20": 0.06266,
    "ndcg_at_3": 0.03389,
    "ndcg_at_5": 0.043,
    "precision_at_1": 0.01802,
    "precision_at_10": 0.00856,
    "precision_at_100": 0.00288,
    "precision_at_1000": 0.00063,
    "precision_at_20": 0.00698,
    "precision_at_3": 0.01502,
    "precision_at_5": 0.01351,
    "recall_at_1": 0.01802,
    "recall_at_10": 0.08559,
    "recall_at_100": 0.28829,
    "recall_at_1000": 0.62613,
    "recall_at_20": 0.13964,
    "recall_at_3": 0.04505,
    "recall_at_5": 0.06757
  }
}