{
    "dataset_version": null,
    "mteb_version": "0.0.2",
    "test": {
        "accuracy": 0.8107142857142857,
        "accuracy_stderr": 0.006677585649741276,
        "evaluation_time": 21.21,
        "f1": 0.809415540495517,
        "f1_stderr": 0.007125474964114597,
        "main_score": 0.8107142857142857
    },
    "mteb_dataset_name": "Banking77Classification"
}