{
    "dataset_version": null,
    "mteb_version": "0.0.2",
    "test": {
        "evaluation_time": 113.54,
        "map_at_1": 0.1182,
        "map_at_10": 0.16997,
        "map_at_100": 0.18017,
        "map_at_1000": 0.18142,
        "map_at_3": 0.15178,
        "map_at_5": 0.16138,
        "mrr_at_1": 0.14522,
        "mrr_at_10": 0.20062,
        "mrr_at_100": 0.2101,
        "mrr_at_1000": 0.21099,
        "mrr_at_3": 0.18227,
        "mrr_at_5": 0.19213,
        "ndcg_at_1": 0.14522,
        "ndcg_at_10": 0.20613,
        "ndcg_at_100": 0.25769,
        "ndcg_at_1000": 0.29043,
        "ndcg_at_3": 0.1721,
        "ndcg_at_5": 0.18686,
        "precision_at_1": 0.14522,
        "precision_at_10": 0.03871,
        "precision_at_100": 0.00762,
        "precision_at_1000": 0.00122,
        "precision_at_3": 0.08224,
        "precision_at_5": 0.06022,
        "recall_at_1": 0.1182,
        "recall_at_10": 0.28584,
        "recall_at_100": 0.52133,
        "recall_at_1000": 0.76007,
        "recall_at_3": 0.18974,
        "recall_at_5": 0.22822
    },
    "mteb_dataset_name": "CQADupstackTexRetrieval"
}