{
  "dataset_version": null,
  "mteb_version": "0.0.2",
  "test": {
    "evaluation_time": 58.77,
    "map_at_1": 0.20722,
    "map_at_10": 0.29201,
    "map_at_100": 0.306,
    "map_at_1000": 0.30728,
    "map_at_3": 0.25908,
    "map_at_5": 0.2783,
    "mrr_at_1": 0.25505,
    "mrr_at_10": 0.33922,
    "mrr_at_100": 0.34924,
    "mrr_at_1000": 0.34983,
    "mrr_at_3": 0.30831,
    "mrr_at_5": 0.32785,
    "ndcg_at_1": 0.25505,
    "ndcg_at_10": 0.34894,
    "ndcg_at_100": 0.40998,
    "ndcg_at_1000": 0.43431,
    "ndcg_at_3": 0.29142,
    "ndcg_at_5": 0.32105,
    "precision_at_1": 0.25505,
    "precision_at_10": 0.06718,
    "precision_at_100": 0.01163,
    "precision_at_1000": 0.00154,
    "precision_at_3": 0.1402,
    "precision_at_5": 0.10606,
    "recall_at_1": 0.20722,
    "recall_at_10": 0.47428,
    "recall_at_100": 0.73367,
    "recall_at_1000": 0.89473,
    "recall_at_3": 0.31424,
    "recall_at_5": 0.39021
  }
}