{
    "dataset_version": null,
    "mteb_version": "0.0.2",
    "test": {
        "evaluation_time": 76.33,
        "map_at_1": 0.14461,
        "map_at_10": 0.20784,
        "map_at_100": 0.21585,
        "map_at_1000": 0.21682,
        "map_at_3": 0.18347,
        "map_at_5": 0.19659,
        "mrr_at_1": 0.16081,
        "mrr_at_10": 0.22662,
        "mrr_at_100": 0.23366,
        "mrr_at_1000": 0.23452,
        "mrr_at_3": 0.2024,
        "mrr_at_5": 0.21534,
        "ndcg_at_1": 0.16081,
        "ndcg_at_10": 0.25012,
        "ndcg_at_100": 0.29313,
        "ndcg_at_1000": 0.32231,
        "ndcg_at_3": 0.20107,
        "ndcg_at_5": 0.22392,
        "precision_at_1": 0.16081,
        "precision_at_10": 0.04177,
        "precision_at_100": 0.00697,
        "precision_at_1000": 0.00105,
        "precision_at_3": 0.08688,
        "precision_at_5": 0.0658,
        "recall_at_1": 0.14461,
        "recall_at_10": 0.3646,
        "recall_at_100": 0.57165,
        "recall_at_1000": 0.79629,
        "recall_at_3": 0.23127,
        "recall_at_5": 0.28595
    },
    "mteb_dataset_name": "CQADupstackWordpressRetrieval"
}