{
  "dataset_version": null,
  "mteb_version": "0.0.2",
  "test": {
    "evaluation_time": 29.1,
    "map_at_1": 0.18014,
    "map_at_10": 0.25586,
    "map_at_100": 0.26854,
    "map_at_1000": 0.27083,
    "map_at_3": 0.22986,
    "map_at_5": 0.24421,
    "mrr_at_1": 0.22134,
    "mrr_at_10": 0.29729,
    "mrr_at_100": 0.30547,
    "mrr_at_1000": 0.30642,
    "mrr_at_3": 0.27339,
    "mrr_at_5": 0.2892,
    "ndcg_at_1": 0.22134,
    "ndcg_at_10": 0.30663,
    "ndcg_at_100": 0.3585,
    "ndcg_at_1000": 0.3949,
    "ndcg_at_3": 0.26424,
    "ndcg_at_5": 0.28499,
    "precision_at_1": 0.22134,
    "precision_at_10": 0.06245,
    "precision_at_100": 0.01263,
    "precision_at_1000": 0.00226,
    "precision_at_3": 0.12978,
    "precision_at_5": 0.09605,
    "recall_at_1": 0.18014,
    "recall_at_10": 0.40207,
    "recall_at_100": 0.64592,
    "recall_at_1000": 0.89005,
    "recall_at_3": 0.28053,
    "recall_at_5": 0.33755
  }
}