{
  "dataset_version": null,
  "mteb_version": "0.0.2",
  "test": {
    "af": {
      "accuracy": 0.5967047747141896,
      "accuracy_stderr": 0.01316029846122132,
      "f1": 0.5870339199932373,
      "f1_stderr": 0.009361040916467736,
      "main_score": 0.5967047747141896
    },
    "am": {
      "accuracy": 0.48967720242098184,
      "accuracy_stderr": 0.012724246128353725,
      "f1": 0.4731851580603806,
      "f1_stderr": 0.012677429845926421,
      "main_score": 0.48967720242098184
    },
    "ar": {
      "accuracy": 0.577841291190316,
      "accuracy_stderr": 0.02189807667729562,
      "f1": 0.5789536619103253,
      "f1_stderr": 0.019772761972783152,
      "main_score": 0.577841291190316
    },
    "az": {
      "accuracy": 0.6153328850033625,
      "accuracy_stderr": 0.01767651425536383,
      "f1": 0.6186931882288542,
      "f1_stderr": 0.017119286518794803,
      "main_score": 0.6153328850033625
    },
    "bn": {
      "accuracy": 0.5453261600537995,
      "accuracy_stderr": 0.020475676916191055,
      "f1": 0.5431712944031885,
      "f1_stderr": 0.01616317606984187,
      "main_score": 0.5453261600537995
    },
    "cy": {
      "accuracy": 0.35258910558170814,
      "accuracy_stderr": 0.011889284804631918,
      "f1": 0.32927121009243904,
      "f1_stderr": 0.015839669914235483,
      "main_score": 0.35258910558170814
    },
    "da": {
      "accuracy": 0.7099865501008743,
      "accuracy_stderr": 0.01779587991215053,
      "f1": 0.7048020593632474,
      "f1_stderr": 0.01616953224023678,
      "main_score": 0.7099865501008743
    },
    "de": {
      "accuracy": 0.6734364492266308,
      "accuracy_stderr": 0.015738968283665448,
      "f1": 0.6690632914191524,
      "f1_stderr": 0.01513590133028164,
      "main_score": 0.6734364492266308
    },
    "el": {
      "accuracy": 0.688063214525891,
      "accuracy_stderr": 0.01227929569094266,
      "f1": 0.6853471545717709,
      "f1_stderr": 0.009789287562889857,
      "main_score": 0.688063214525891
    },
    "en": {
      "accuracy": 0.7534969737726968,
      "accuracy_stderr": 0.015813965915174116,
      "f1": 0.7525973003263142,
      "f1_stderr": 0.014572712173281736,
      "main_score": 0.7534969737726968
    },
    "es": {
      "accuracy": 0.7041694687289846,
      "accuracy_stderr": 0.018443289119139346,
      "f1": 0.7106913080791534,
      "f1_stderr": 0.017361087842520318,
      "main_score": 0.7041694687289846
    },
    "evaluation_time": 193.31,
    "fa": {
      "accuracy": 0.6988231338264963,
      "accuracy_stderr": 0.022196434378913762,
      "f1": 0.6985353825871895,
      "f1_stderr": 0.02093937559504733,
      "main_score": 0.6988231338264963
    },
    "fi": {
      "accuracy": 0.6760255548083389,
      "accuracy_stderr": 0.01068002661523749,
      "f1": 0.6708703316992088,
      "f1_stderr": 0.009507291430987061,
      "main_score": 0.6760255548083389
    },
    "fr": {
      "accuracy": 0.7068930733019503,
      "accuracy_stderr": 0.015340441335821525,
      "f1": 0.7085455066161799,
      "f1_stderr": 0.013634766869223816,
      "main_score": 0.7068930733019503
    },
    "he": {
      "accuracy": 0.6515803631472765,
      "accuracy_stderr": 0.014814592247780659,
      "f1": 0.6506914776753904,
      "f1_stderr": 0.010526954078703563,
      "main_score": 0.6515803631472765
    },
    "hi": {
      "accuracy": 0.6791862811028917,
      "accuracy_stderr": 0.014480871542546061,
      "f1": 0.6773602524368855,
      "f1_stderr": 0.012576154336635535,
      "main_score": 0.6791862811028917
    },
    "hu": {
      "accuracy": 0.7030262273032953,
      "accuracy_stderr": 0.015792037413180325,
      "f1": 0.704149539857709,
      "f1_stderr": 0.014039709334126021,
      "main_score": 0.7030262273032953
    },
    "hy": {
      "accuracy": 0.6301950235373235,
      "accuracy_stderr": 0.022317715544844106,
      "f1": 0.6248430117595749,
      "f1_stderr": 0.017786948593427877,
      "main_score": 0.6301950235373235
    },
    "id": {
      "accuracy": 0.7072965702757229,
      "accuracy_stderr": 0.015840254321953195,
      "f1": 0.7058357942852471,
      "f1_stderr": 0.016924904667809625,
      "main_score": 0.7072965702757229
    },
    "is": {
      "accuracy": 0.44159381304640216,
      "accuracy_stderr": 0.022709055395781264,
      "f1": 0.42988050878721956,
      "f1_stderr": 0.01821927112317416,
      "main_score": 0.44159381304640216
    },
    "it": {
      "accuracy": 0.6973436449226631,
      "accuracy_stderr": 0.017060343478575084,
      "f1": 0.6988428427145004,
      "f1_stderr": 0.01406912742186316,
      "main_score": 0.6973436449226631
    },
    "ja": {
      "accuracy": 0.6968728984532617,
      "accuracy_stderr": 0.017941410499438374,
      "f1": 0.6978299027659081,
      "f1_stderr": 0.01447315370024415,
      "main_score": 0.6968728984532617
    },
    "jv": {
      "accuracy": 0.4419973100201749,
      "accuracy_stderr": 0.019099478332706293,
      "f1": 0.42512523248502454,
      "f1_stderr": 0.017103588719135417,
      "main_score": 0.4419973100201749
    },
    "ka": {
      "accuracy": 0.5729657027572294,
      "accuracy_stderr": 0.01583507867213317,
      "f1": 0.5714803369835801,
      "f1_stderr": 0.014845401420404617,
      "main_score": 0.5729657027572294
    },
    "km": {
      "accuracy": 0.5313718897108272,
      "accuracy_stderr": 0.012530847748640661,
      "f1": 0.5049922782390163,
      "f1_stderr": 0.013716777918201598,
      "main_score": 0.5313718897108272
    },
    "kn": {
      "accuracy": 0.5607935440484196,
      "accuracy_stderr": 0.012816984673249708,
      "f1": 0.5499552592670991,
      "f1_stderr": 0.008868362349413015,
      "main_score": 0.5607935440484196
    },
    "ko": {
      "accuracy": 0.6852051109616678,
      "accuracy_stderr": 0.025481613933358804,
      "f1": 0.6805941382208139,
      "f1_stderr": 0.022131988434478483,
      "main_score": 0.6852051109616678
    },
    "lv": {
      "accuracy": 0.6627774041694687,
      "accuracy_stderr": 0.01635106869829529,
      "f1": 0.6610920301563693,
      "f1_stderr": 0.01751535061425648,
      "main_score": 0.6627774041694687
    },
    "ml": {
      "accuracy": 0.6013113651647612,
      "accuracy_stderr": 0.013908660604265466,
      "f1": 0.591179585108042,
      "f1_stderr": 0.01112022660928481,
      "main_score": 0.6013113651647612
    },
    "mn": {
      "accuracy": 0.6084734364492267,
      "accuracy_stderr": 0.010713796573786903,
      "f1": 0.5982788810073719,
      "f1_stderr": 0.011456389306491078,
      "main_score": 0.6084734364492267
    },
    "ms": {
      "accuracy": 0.6581035642232683,
      "accuracy_stderr": 0.020156795329830498,
      "f1": 0.6465699885621852,
      "f1_stderr": 0.018893626282154654,
      "main_score": 0.6581035642232683
    },
    "my": {
      "accuracy": 0.6303295225285811,
      "accuracy_stderr": 0.017762143737130975,
      "f1": 0.614887519263213,
      "f1_stderr": 0.01628498223558978,
      "main_score": 0.6303295225285811
    },
    "nb": {
      "accuracy": 0.7023873570948218,
      "accuracy_stderr": 0.012134248610647588,
      "f1": 0.7009435905461785,
      "f1_stderr": 0.011191173293935064,
      "main_score": 0.7023873570948218
    },
    "nl": {
      "accuracy": 0.7036987222595832,
      "accuracy_stderr": 0.014289370577787591,
      "f1": 0.6998674128532868,
      "f1_stderr": 0.01180710876133586,
      "main_score": 0.7036987222595832
    },
    "pl": {
      "accuracy": 0.6899462004034971,
      "accuracy_stderr": 0.018659432659974735,
      "f1": 0.6868515337887733,
      "f1_stderr": 0.012817339213911063,
      "main_score": 0.6899462004034971
    },
    "pt": {
      "accuracy": 0.7009078681909885,
      "accuracy_stderr": 0.017957157975084712,
      "f1": 0.7013828421713422,
      "f1_stderr": 0.01680908692192443,
      "main_score": 0.7009078681909885
    },
    "ro": {
      "accuracy": 0.6794889038332212,
      "accuracy_stderr": 0.012543247857219737,
      "f1": 0.6858360002753253,