{
  "dataset_version": null,
  "mteb_version": "0.0.2",
  "test": {
    "evaluation_time": 2533.3,
    "map": 0.3015147462590793,
    "mrr": 0.3097764390276866
  }
}