{
  "dataset_version": null,
  "mteb_version": "0.0.2",
  "test": {
    "evaluation_time": 1195.64,
    "v_measure": 0.5131067076429828,
    "v_measure_std": 0.12041738826533144
  }
}