{
    "dataset_version": null,
    "mteb_version": "0.0.2",
    "test": {
        "cos_sim": {
            "accuracy": 0.9968910891089109,
            "accuracy_threshold": 0.8149476051330566,
            "ap": 0.9055290893175899,
            "f1": 0.8382804503582394,
            "f1_threshold": 0.8073698282241821,
            "precision": 0.8584905660377359,
            "recall": 0.819
        },
        "dot": {
            "accuracy": 0.9952376237623762,
            "accuracy_threshold": 6.783666610717773,
            "ap": 0.8126416988130073,
            "f1": 0.7614983404457087,
            "f1_threshold": 6.50513219833374,
            "precision": 0.7240757439134355,
            "recall": 0.803
        },
        "euclidean": {
            "accuracy": 0.997019801980198,
            "accuracy_threshold": 1.7289166450500488,
            "ap": 0.9109871555441387,
            "f1": 0.8483950617283951,
            "f1_threshold": 1.870919942855835,
            "precision": 0.8380487804878048,
            "recall": 0.859
        },
        "evaluation_time": 10.78,
        "manhattan": {
            "accuracy": 0.9969009900990099,
            "accuracy_threshold": 38.09461212158203,
            "ap": 0.9027093058346848,
            "f1": 0.8386433710174717,
            "f1_threshold": 38.39329528808594,
            "precision": 0.8625792811839323,
            "recall": 0.816
        },
        "max": {
            "accuracy": 0.997019801980198,
            "ap": 0.9109871555441387,
            "f1": 0.8483950617283951
        }
    },
    "mteb_dataset_name": "SprintDuplicateQuestions"
}