{
  "test": {
    "de": {
      "accuracy": 0.547323340471092,
      "accuracy_stderr": 0.014378819669549932,
      "ap": 0.7253463548406273,
      "ap_stderr": 0.009750527180479567,
      "f1": 0.5313847217758562,
      "f1_stderr": 0.013400434274820414
    },
    "en": {
      "accuracy": 0.6176119402985074,
      "accuracy_stderr": 0.049855214742977376,
      "ap": 0.25259273100693075,
      "ap_stderr": 0.018559424332989474,
      "f1": 0.5553904455628402,
      "f1_stderr": 0.03503125905426995
    },
    "en-ext": {
      "accuracy": 0.6192653673163419,
      "accuracy_stderr": 0.03164528322978512,
      "ap": 0.1289869146845571,
      "ap_stderr": 0.010402167787211475,
      "f1": 0.4897256134829374,
      "f1_stderr": 0.022127218991120672
    },
    "ja": {
      "accuracy": 0.5820128479657388,
      "accuracy_stderr": 0.38082751739882537,
      "ap": 0.1033188255677305,
      "ap_stderr": 0.0006553605614101676,
      "f1": 0.32639650235121515,
      "f1_stderr": 0.17798174244760046
    }
  },
  "validation": {
    "de": {
      "accuracy": 0.5293991416309012,
      "accuracy_stderr": 0.02497120226108496,
      "ap": 0.7179186302819548,
      "ap_stderr": 0.013210947919347772,
      "f1": 0.5139349604754321,
      "f1_stderr": 0.024384542447537086
    },
    "en": {
      "accuracy": 0.5997014925373134,
      "accuracy_stderr": 0.057208392550511404,
      "ap": 0.2106680108868519,
      "ap_stderr": 0.017630024050759814,
      "f1": 0.5225376974012457,
      "f1_stderr": 0.03623807253746356
    },
    "en-ext": {
      "accuracy": 0.6186186186186186,
      "accuracy_stderr": 0.03251019484137985,
      "ap": 0.12750365895075572,
      "ap_stderr": 0.016850375947920104,
      "f1": 0.4884028580759393,
      "f1_stderr": 0.02932879945175545
    },
    "ja": {
      "accuracy": 0.5811158798283262,
      "accuracy_stderr": 0.390379622547945,
      "ap": 0.09885766873544444,
      "ap_stderr": 0.0016730206215751638,
      "f1": 0.32643733549630916,
      "f1_stderr": 0.18855473848958992
    }
  }
}