{
    "dataset_version": null,
    "mteb_version": "0.0.2",
    "test": {
        "evaluation_time": 20.67,
        "map_at_1": 0.22262,
        "map_at_10": 0.36607,
        "map_at_100": 0.37872,
        "map_at_1000": 0.37891,
        "map_at_3": 0.31911,
        "map_at_5": 0.3451,
        "mrr_at_1": 0.22475,
        "mrr_at_10": 0.36677,
        "mrr_at_100": 0.37941,
        "mrr_at_1000": 0.37961,
        "mrr_at_3": 0.32065,
        "mrr_at_5": 0.34569,
        "ndcg_at_1": 0.22262,
        "ndcg_at_10": 0.44878,
        "ndcg_at_100": 0.50379,
        "ndcg_at_1000": 0.5083,
        "ndcg_at_3": 0.35194,
        "ndcg_at_5": 0.3985,
        "precision_at_1": 0.22262,
        "precision_at_10": 0.07141,
        "precision_at_100": 0.00957,
        "precision_at_1000": 0.00099,
        "precision_at_3": 0.14912,
        "precision_at_5": 0.11195,
        "recall_at_1": 0.22262,
        "recall_at_10": 0.71408,
        "recall_at_100": 0.95733,
        "recall_at_1000": 0.99147,
        "recall_at_3": 0.44737,
        "recall_at_5": 0.55974
    },
    "mteb_dataset_name": "ArguAna"
}