{
    "dataset_version": null,
    "mteb_version": "0.0.2",
    "test": {
        "evaluation_time": 35.68,
        "map_at_1": 0.20738,
        "map_at_10": 0.27681,
        "map_at_100": 0.28821,
        "map_at_1000": 0.28951,
        "map_at_3": 0.25377,
        "map_at_5": 0.2659,
        "mrr_at_1": 0.24347,
        "mrr_at_10": 0.31287,
        "mrr_at_100": 0.3228,
        "mrr_at_1000": 0.32359,
        "mrr_at_3": 0.29136,
        "mrr_at_5": 0.30432,
        "ndcg_at_1": 0.24347,
        "ndcg_at_10": 0.32168,
        "ndcg_at_100": 0.37789,
        "ndcg_at_1000": 0.40706,
        "ndcg_at_3": 0.28002,
        "ndcg_at_5": 0.29871,
        "precision_at_1": 0.24347,
        "precision_at_10": 0.05541,
        "precision_at_100": 0.00941,
        "precision_at_1000": 0.00132,
        "precision_at_3": 0.12811,
        "precision_at_5": 0.09086,
        "recall_at_1": 0.20738,
        "recall_at_10": 0.4222,
        "recall_at_100": 0.67288,
        "recall_at_1000": 0.87681,
        "recall_at_3": 0.3069,
        "recall_at_5": 0.35519
    },
    "mteb_dataset_name": "CQADupstackUnixRetrieval"
}