{
  "dataset_version": null,
  "mteb_version": "0.0.2",
  "test": {
    "evaluation_time": 21.06,
    "map_at_1": 0.21698,
    "map_at_10": 0.30296,
    "map_at_100": 0.31533,
    "map_at_1000": 0.31671,
    "map_at_3": 0.27633,
    "map_at_5": 0.29103,
    "mrr_at_1": 0.27898,
    "mrr_at_10": 0.35876,
    "mrr_at_100": 0.36687,
    "mrr_at_1000": 0.36738,
    "mrr_at_3": 0.33652,
    "mrr_at_5": 0.34872,
    "ndcg_at_1": 0.27898,
    "ndcg_at_10": 0.35659,
    "ndcg_at_100": 0.40626,
    "ndcg_at_1000": 0.43091,
    "ndcg_at_3": 0.31693,
    "ndcg_at_5": 0.33466,
    "precision_at_1": 0.27898,
    "precision_at_10": 0.07178,
    "precision_at_100": 0.01269,
    "precision_at_1000": 0.0018,
    "precision_at_3": 0.15902,
    "precision_at_5": 0.11516,
    "recall_at_1": 0.21698,
    "recall_at_10": 0.45103,
    "recall_at_100": 0.67067,
    "recall_at_1000": 0.83089,
    "recall_at_3": 0.33188,
    "recall_at_5": 0.38197
  }
}