{
  "dataset_version": null,
  "mteb_version": "0.0.2",
  "test": {
    "evaluation_time": 62.21,
    "map_at_1": 0.11425,
    "map_at_10": 0.16838,
    "map_at_100": 0.17816,
    "map_at_1000": 0.17949,
    "map_at_3": 0.15063,
    "map_at_5": 0.16023,
    "mrr_at_1": 0.14178,
    "mrr_at_10": 0.19959,
    "mrr_at_100": 0.20841,
    "mrr_at_1000": 0.20934,
    "mrr_at_3": 0.18049,
    "mrr_at_5": 0.19171,
    "ndcg_at_1": 0.14178,
    "ndcg_at_10": 0.20497,
    "ndcg_at_100": 0.2545,
    "ndcg_at_1000": 0.28875,
    "ndcg_at_3": 0.17158,
    "ndcg_at_5": 0.1868,
    "precision_at_1": 0.14178,
    "precision_at_10": 0.03882,
    "precision_at_100": 0.00751,
    "precision_at_1000": 0.00124,
    "precision_at_3": 0.08236,
    "precision_at_5": 0.06084,
    "recall_at_1": 0.11425,
    "recall_at_10": 0.2852,
    "recall_at_100": 0.51207,
    "recall_at_1000": 0.76039,
    "recall_at_3": 0.19141,
    "recall_at_5": 0.23112
  }
}