{
    "dataset_version": null,
    "mteb_version": "0.0.2",
    "test": {
        "evaluation_time": 15.63,
        "map_at_1": 0.10831,
        "map_at_10": 0.17075,
        "map_at_100": 0.18299,
        "map_at_1000": 0.1844,
        "map_at_3": 0.14711,
        "map_at_5": 0.16077,
        "mrr_at_1": 0.13806,
        "mrr_at_10": 0.20597,
        "mrr_at_100": 0.21746,
        "mrr_at_1000": 0.21832,
        "mrr_at_3": 0.18118,
        "mrr_at_5": 0.19648,
        "ndcg_at_1": 0.13806,
        "ndcg_at_10": 0.21442,
        "ndcg_at_100": 0.27597,
        "ndcg_at_1000": 0.31113,
        "ndcg_at_3": 0.169,
        "ndcg_at_5": 0.19221,
        "precision_at_1": 0.13806,
        "precision_at_10": 0.04192,
        "precision_at_100": 0.00847,
        "precision_at_1000": 0.00131,
        "precision_at_3": 0.08292,
        "precision_at_5": 0.06592,
        "recall_at_1": 0.10831,
        "recall_at_10": 0.31447,
        "recall_at_100": 0.58682,
        "recall_at_1000": 0.83994,
        "recall_at_3": 0.19276,
        "recall_at_5": 0.24963
    },
    "mteb_dataset_name": "CQADupstackMathematicaRetrieval"
}