{
    "dataset_version": null,
    "mteb_version": "0.0.2",
    "test": {
        "evaluation_time": 24.48,
        "map_at_1": 0.19904,
        "map_at_10": 0.27792,
        "map_at_100": 0.28972,
        "map_at_1000": 0.29098,
        "map_at_3": 0.25186,
        "map_at_5": 0.26786,
        "mrr_at_1": 0.24201,
        "mrr_at_10": 0.3221,
        "mrr_at_100": 0.33116,
        "mrr_at_1000": 0.33192,
        "mrr_at_3": 0.29985,
        "mrr_at_5": 0.31366,
        "ndcg_at_1": 0.24201,
        "ndcg_at_10": 0.32576,
        "ndcg_at_100": 0.3803,
        "ndcg_at_1000": 0.40951,
        "ndcg_at_3": 0.28333,
        "ndcg_at_5": 0.3053,
        "precision_at_1": 0.24201,
        "precision_at_10": 0.05959,
        "precision_at_100": 0.01043,
        "precision_at_1000": 0.00146,
        "precision_at_3": 0.13623,
        "precision_at_5": 0.09886,
        "recall_at_1": 0.19904,
        "recall_at_10": 0.42423,
        "recall_at_100": 0.65991,
        "recall_at_1000": 0.86664,
        "recall_at_3": 0.30797,
        "recall_at_5": 0.36583
    },
    "mteb_dataset_name": "CQADupstackProgrammersRetrieval"
}