{
    "mteb_version": "0.0.2",
    "test": {
        "accuracy": 0.4237,
        "accuracy_stderr": 0.02262100793510316,
        "evaluation_time": 7.56,
        "f1": 0.3774932122298861,
        "f1_stderr": 0.018518880127578918,
        "main_score": 0.4237
    },
    "mteb_dataset_name": "EmotionClassification",
    "dataset_revision": "829147f8f75a25f005913200eb5ed41fae320aa1"
}