{
    "dev": {
        "evaluation_time": 7442.24,
        "map_at_1": 0.11657,
        "map_at_10": 0.19147,
        "map_at_100": 0.2027,
        "map_at_1000": 0.20358,
        "map_at_3": 0.16523,
        "map_at_5": 0.17908,
        "mrr_at_1": 0.12063,
        "mrr_at_10": 0.19625,
        "mrr_at_100": 0.20729,
        "mrr_at_1000": 0.20811,
        "mrr_at_3": 0.16996,
        "mrr_at_5": 0.18367,
        "ndcg_at_1": 0.12063,
        "ndcg_at_10": 0.23724,
        "ndcg_at_100": 0.2963,
        "ndcg_at_1000": 0.32091,
        "ndcg_at_3": 0.1825,
        "ndcg_at_5": 0.20736,
        "precision_at_1": 0.12063,
        "precision_at_10": 0.03936,
        "precision_at_100": 0.00696,
        "precision_at_1000": 0.00091,
        "precision_at_3": 0.07841,
        "precision_at_5": 0.05954,
        "recall_at_1": 0.11657,
        "recall_at_10": 0.37929,
        "recall_at_100": 0.66283,
        "recall_at_1000": 0.85673,
        "recall_at_3": 0.2281,
        "recall_at_5": 0.28825
    },
    "mteb_version": "0.0.2",
    "mteb_dataset_name": "MSMARCO",
    "dataset_revision": "e6838a846e2408f22cf5cc337ebc83e0bcf77849"
}