{
    "dataset_version": null,
    "mteb_version": "0.0.2",
    "test": {
        "cos_sim": {
            "pearson": 0.8342123297491012,
            "spearman": 0.8441678301403761
        },
        "euclidean": {
            "pearson": 0.835817723436636,
            "spearman": 0.8374082014003418
        },
        "evaluation_time": 1.81,
        "manhattan": {
            "pearson": 0.8361239647701728,
            "spearman": 0.8378677578646448
        }
    },
    "mteb_dataset_name": "STSBenchmark"
}