{
  "dataset_version": null,
  "mteb_version": "0.0.2",
  "test": {
    "cos_sim": {
      "pearson": 0.30347542305760333,
      "spearman": 0.30670351481357877
    },
    "dot": {
      "pearson": 0.2810343029175797,
      "spearman": 0.28129097315074175
    },
    "evaluation_time": 15.84
  }
}