{
  "dataset_version": null,
  "mteb_version": "0.0.2",
  "test": {
    "evaluation_time": 402.64,
    "map_at_1": 0.01261,
    "map_at_10": 0.06332,
    "map_at_100": 0.11341,
    "map_at_1000": 0.12794,
    "map_at_3": 0.03126,
    "map_at_5": 0.04152,
    "mrr_at_1": 0.12245,
    "mrr_at_10": 0.28787,
    "mrr_at_100": 0.3039,
    "mrr_at_1000": 0.30397,
    "mrr_at_3": 0.2415,
    "mrr_at_5": 0.26088,
    "ndcg_at_1": 0.11224,
    "ndcg_at_10": 0.1606,
    "ndcg_at_100": 0.28638,
    "ndcg_at_1000": 0.40712,
    "ndcg_at_3": 0.14296,
    "ndcg_at_5": 0.14273,
    "precision_at_1": 0.12245,
    "precision_at_10": 0.15918,
    "precision_at_100": 0.06653,
    "precision_at_1000": 0.01455,
    "precision_at_3": 0.16327,
    "precision_at_5": 0.1551,
    "recall_at_1": 0.01261,
    "recall_at_10": 0.11927,
    "recall_at_100": 0.41098,
    "recall_at_1000": 0.77646,
    "recall_at_3": 0.04277,
    "recall_at_5": 0.06358
  }
}