{
  "dataset_version": null,
  "mteb_version": "0.0.2",
  "test": {
    "accuracy": 0.5612337294850028,
    "accuracy_stderr": 0.015364895187575438,
    "evaluation_time": 7.92,
    "f1": 0.5643966806963956,
    "f1_stderr": 0.016393005122207975,
    "main_score": 0.5612337294850028
  }
}