{
    "test": {
        "evaluation_time": 186.85,
        "v_measure": 0.2893427045246491,
        "v_measure_std": 0.0052428840361333886
    },
    "dataset_version": null,
    "mteb_version": "0.0.2"
}