{
    "dataset_version": null,
    "mteb_version": "0.0.2",
    "test": {
        "evaluation_time": 62.53,
        "map_at_1": 0.11351,
        "map_at_10": 0.14953,
        "map_at_100": 0.15623,
        "map_at_1000": 0.15716,
        "map_at_3": 0.13603,
        "map_at_5": 0.14343,
        "ndcg_at_1": 0.12429,
        "ndcg_at_10": 0.17319,
        "ndcg_at_100": 0.2099,
        "ndcg_at_1000": 0.23899,
        "ndcg_at_3": 0.14605,
        "ndcg_at_5": 0.1589,
        "precision_at_1": 0.12429,
        "precision_at_10": 0.02701,
        "precision_at_100": 0.00487,
        "precision_at_1000": 0.00078,
        "precision_at_3": 0.06026,
        "precision_at_5": 0.04384,
        "recall_at_1": 0.11351,
        "recall_at_10": 0.23536,
        "recall_at_100": 0.40942,
        "recall_at_1000": 0.6405,
        "recall_at_3": 0.16195,
        "recall_at_5": 0.19264
    },
    "mteb_dataset_name": "CQADupstackGisRetrieval"
}