{
    "mteb_version": "0.0.2",
    "test": {
        "evaluation_time": 5547.03,
        "map_at_1": 0.01764,
        "map_at_10": 0.0386,
        "map_at_100": 0.05457,
        "map_at_1000": 0.05938,
        "map_at_3": 0.02667,
        "map_at_5": 0.0322,
        "ndcg_at_1": 0.14,
        "ndcg_at_10": 0.10868,
        "ndcg_at_100": 0.12866,
        "ndcg_at_1000": 0.1743,
        "ndcg_at_3": 0.11943,
        "ndcg_at_5": 0.1166,
        "precision_at_1": 0.1925,
        "precision_at_10": 0.10275,
        "precision_at_100": 0.03527,
        "precision_at_1000": 0.00912,
        "precision_at_3": 0.14917,
        "precision_at_5": 0.135,
        "recall_at_1": 0.01764,
        "recall_at_10": 0.06609,
        "recall_at_100": 0.17616,
        "recall_at_1000": 0.33085,
        "recall_at_3": 0.03115,
        "recall_at_5": 0.04605
    },
    "mteb_dataset_name": "DBPedia",
    "dataset_revision": "f097057d03ed98220bc7309ddb10b71a54d667d6"
}