{
    "test": {
        "cos_sim": {
            "pearson": 0.8096286245858941,
            "spearman": 0.7457093488947429
        },
        "euclidean": {
            "pearson": 0.7550377970259401,
            "spearman": 0.7174980046229991
        },
        "evaluation_time": 5.45,
        "manhattan": {
            "pearson": 0.7532568360913819,
            "spearman": 0.7180676733410375
        }
    },
    "dataset_version": null,
    "mteb_version": "0.0.2",
    "mteb_dataset_name": "SICK-R"
}