{
    "test": {
        "cos_sim": {
            "pearson": 0.7535551963935667,
            "spearman": 0.7098892671568665
        },
        "euclidean": {
            "pearson": 0.7324467338564629,
            "spearman": 0.7197533151639425
        },
        "evaluation_time": 3.21,
        "manhattan": {
            "pearson": 0.7327765593599381,
            "spearman": 0.722221421456084
        }
    },
    "mteb_version": "0.0.2",
    "mteb_dataset_name": "STS14",
    "dataset_revision": "e2125984e7df8b7871f6ae9949cf6b6795e7c54b"
}