{
    "test": {
        "cos_sim": {
            "pearson": 0.76401935081936,
            "spearman": 0.7723446219694267
        },
        "euclidean": {
            "pearson": 0.7461017160439877,
            "spearman": 0.7585871531365609
        },
        "evaluation_time": 1.26,
        "manhattan": {
            "pearson": 0.7483034779539725,
            "spearman": 0.759594899358843
        }
    },
    "mteb_version": "0.0.2",
    "mteb_dataset_name": "STS13",
    "dataset_revision": "1591bfcbe8c69d4bf7fe2a16e2451017832cafb9"
}