{
    "test": {
        "cos_sim": {
            "pearson": 0.8020938796088339,
            "spearman": 0.6916914010333395
        },
        "euclidean": {
            "pearson": 0.7933415250097545,
            "spearman": 0.7146707320292746
        },
        "evaluation_time": 5.99,
        "manhattan": {
            "pearson": 0.7973669837981976,
            "spearman": 0.7187919511134903
        }
    },
    "mteb_version": "0.0.2",
    "mteb_dataset_name": "STS12",
    "dataset_revision": "fdf84275bb8ce4b49c971d02e84dd1abc677a50f"
}