{
    "test": {
        "cos_sim": {
            "pearson": 0.8000905671833967,
            "spearman": 0.7954269211027273
        },
        "euclidean": {
            "pearson": 0.7951954544247442,
            "spearman": 0.7893670303434288
        },
        "evaluation_time": 1.21,
        "manhattan": {
            "pearson": 0.7947610653340678,
            "spearman": 0.7907344156719612
        }
    },
    "mteb_version": "0.0.2",
    "mteb_dataset_name": "STSBenchmark",
    "dataset_revision": "8913289635987208e6e7c72789e4be2fe94b6abd"
}