{
  "dataset_revision": "31efe3c427b0bae9c22cbb560b8f15491cc6bed7",
  "mteb_dataset_name": "MassiveIntentClassification",
  "mteb_version": "1.1.2.dev0",
  "test": {
    "evaluation_time": 6.77,
    "fr": {
      "accuracy": 0.34952925353059855,
      "accuracy_stderr": 0.012105142716121927,
      "f1": 0.3469969708980877,
      "f1_stderr": 0.00994343000605302,
      "main_score": 0.34952925353059855
    }
  }
}