{
  "dataset_revision": "fcf295ea64c750f41fadbaa37b9b861558e1bfbd",
  "evaluation_time": 310.08862113952637,
  "kg_co2_emissions": null,
  "mteb_version": "1.11.10",
  "scores": {
    "test": [
      {
        "hf_subset": "default",
        "languages": [
          "fra-Latn"
        ],
        "main_score": 0.48978,
        "map_at_1": 0.32988,
        "map_at_10": 0.4342,
        "map_at_100": 0.44206,
        "map_at_1000": 0.44258,
        "map_at_20": 0.43868,
        "map_at_3": 0.40379,
        "map_at_5": 0.4222,
        "mrr_at_1": 0.32988,
        "mrr_at_10": 0.4342,
        "mrr_at_100": 0.44206,
        "mrr_at_1000": 0.44258,
        "mrr_at_20": 0.43868,
        "mrr_at_3": 0.40379,
        "mrr_at_5": 0.4222,
        "ndcg_at_1": 0.32988,
        "ndcg_at_10": 0.48978,
        "ndcg_at_100": 0.53137,
        "ndcg_at_1000": 0.54586,
        "ndcg_at_20": 0.50628,
        "ndcg_at_3": 0.42794,
        "ndcg_at_5": 0.46089,
        "precision_at_1": 0.32988,
        "precision_at_10": 0.06662,
        "precision_at_100": 0.00868,
        "precision_at_1000": 0.00098,
        "precision_at_20": 0.03659,
        "precision_at_3": 0.16595,
        "precision_at_5": 0.11546,
        "recall_at_1": 0.32988,
        "recall_at_10": 0.66623,
        "recall_at_100": 0.86831,
        "recall_at_1000": 0.98402,
        "recall_at_20": 0.73187,
        "recall_at_3": 0.49784,
        "recall_at_5": 0.57729
      }
    ]
  },
  "task_name": "AlloprofRetrieval"
}