{
  "dataset_revision": "5effa1b9b5fa3b0f9e12523e6e43e5f86a6e6d59",
  "mteb_dataset_name": "BSARDRetrieval",
  "mteb_version": "1.9.1",
  "test": {
    "evaluation_time": 722.33,
    "map_at_1": 0.05856,
    "map_at_10": 0.11898,
    "map_at_100": 0.13115,
    "map_at_1000": 0.13204,
    "map_at_20": 0.12649,
    "map_at_3": 0.09234,
    "map_at_5": 0.1045,
    "mrr_at_1": 0.05856,
    "mrr_at_10": 0.11898,
    "mrr_at_100": 0.13115,
    "mrr_at_1000": 0.13204,
    "mrr_at_20": 0.12649,
    "mrr_at_3": 0.09234,
    "mrr_at_5": 0.1045,
    "ndcg_at_1": 0.05856,
    "ndcg_at_10": 0.16055,
    "ndcg_at_100": 0.22374,
    "ndcg_at_1000": 0.25148,
    "ndcg_at_20": 0.18716,
    "ndcg_at_3": 0.10441,
    "ndcg_at_5": 0.12555,
    "precision_at_1": 0.05856,
    "precision_at_10": 0.02973,
    "precision_at_100": 0.00604,
    "precision_at_1000": 0.00083,
    "precision_at_20": 0.02005,
    "precision_at_3": 0.04655,
    "precision_at_5": 0.03784,
    "recall_at_1": 0.05856,
    "recall_at_10": 0.2973,
    "recall_at_100": 0.6036,
    "recall_at_1000": 0.82883,
    "recall_at_20": 0.4009,
    "recall_at_3": 0.13964,
    "recall_at_5": 0.18919
  }
}