{
  "dataset_revision": "c99d599f0a6ab9b85b065da6f9d94f9cf731679f",
  "mteb_dataset_name": "XPQARetrieval",
  "mteb_version": "1.9.1",
  "test": {
    "ar": {
      "map_at_1": 0.2008,
      "map_at_10": 0.38585,
      "map_at_100": 0.40494,
      "map_at_1000": 0.40589,
      "map_at_20": 0.39749,
      "map_at_3": 0.32333,
      "map_at_5": 0.36103,
      "mrr_at_1": 0.36933,
      "mrr_at_10": 0.45627,
      "mrr_at_100": 0.46595,
      "mrr_at_1000": 0.46643,
      "mrr_at_20": 0.46243,
      "mrr_at_3": 0.42689,
      "mrr_at_5": 0.44136,
      "ndcg_at_1": 0.36933,
      "ndcg_at_10": 0.45431,
      "ndcg_at_100": 0.52382,
      "ndcg_at_1000": 0.54289,
      "ndcg_at_20": 0.48531,
      "ndcg_at_3": 0.38855,
      "ndcg_at_5": 0.40828,
      "precision_at_1": 0.36933,
      "precision_at_10": 0.1244,
      "precision_at_100": 0.01781,
      "precision_at_1000": 0.00199,
      "precision_at_20": 0.07227,
      "precision_at_3": 0.26756,
      "precision_at_5": 0.20187,
      "recall_at_1": 0.2008,
      "recall_at_10": 0.58076,
      "recall_at_100": 0.85856,
      "recall_at_1000": 0.993,
      "recall_at_20": 0.68184,
      "recall_at_3": 0.378,
      "recall_at_5": 0.46091
    },
    "de": {
      "map_at_1": 0.52509,
      "map_at_10": 0.72526,
      "map_at_100": 0.73195,
      "map_at_1000": 0.73219,
      "map_at_20": 0.72957,
      "map_at_3": 0.68225,
      "map_at_5": 0.71067,
      "mrr_at_1": 0.69452,
      "mrr_at_10": 0.7561,
      "mrr_at_100": 0.75985,
      "mrr_at_1000": 0.75996,
      "mrr_at_20": 0.75838,
      "mrr_at_3": 0.73782,
      "mrr_at_5": 0.75022,
      "ndcg_at_1": 0.69452,
      "ndcg_at_10": 0.76835,
      "ndcg_at_100": 0.79391,
      "ndcg_at_1000": 0.79822,
      "ndcg_at_20": 0.7805,
      "ndcg_at_3": 0.72332,
      "ndcg_at_5": 0.74418,
      "precision_at_1": 0.69452,
      "precision_at_10": 0.14178,
      "precision_at_100": 0.01585,
      "precision_at_1000": 0.00163,
      "precision_at_20": 0.07441,
      "precision_at_3": 0.38294,
      "precision_at_5": 0.25927,
      "recall_at_1": 0.52509,
      "recall_at_10": 0.86253,
      "recall_at_100": 0.9705,
      "recall_at_1000": 1.0,
      "recall_at_20": 0.9052,
      "recall_at_3": 0.7309,
      "recall_at_5": 0.79906
    },
    "es": {
      "map_at_1": 0.30767,
      "map_at_10": 0.55378,
      "map_at_100": 0.57067,
      "map_at_1000": 0.5716,
      "map_at_20": 0.56402,
      "map_at_3": 0.47682,
      "map_at_5": 0.52589,
      "mrr_at_1": 0.5826,
      "mrr_at_10": 0.65888,
      "mrr_at_100": 0.66479,
      "mrr_at_1000": 0.66503,
      "mrr_at_20": 0.663,
      "mrr_at_3": 0.63976,
      "mrr_at_5": 0.65156,
      "ndcg_at_1": 0.5826,
      "ndcg_at_10": 0.62143,
      "ndcg_at_100": 0.67653,
      "ndcg_at_1000": 0.6908,
      "ndcg_at_20": 0.64636,
      "ndcg_at_3": 0.57045,
      "ndcg_at_5": 0.58088,
      "precision_at_1": 0.5826,
      "precision_at_10": 0.17503,
      "precision_at_100": 0.02243,
      "precision_at_1000": 0.00244,
      "precision_at_20": 0.09647,
      "precision_at_3": 0.40395,
      "precision_at_5": 0.2976,
      "recall_at_1": 0.30767,
      "recall_at_10": 0.69889,
      "recall_at_100": 0.90492,
      "recall_at_1000": 0.99449,
      "recall_at_20": 0.77785,
      "recall_at_3": 0.52024,
      "recall_at_5": 0.60565
    },
    "evaluation_time": 186.38,
    "fr": {
      "map_at_1": 0.4113,
      "map_at_10": 0.64571,
      "map_at_100": 0.65847,
      "map_at_1000": 0.65891,
      "map_at_20": 0.65385,
      "map_at_3": 0.58009,
      "map_at_5": 0.62394,
      "mrr_at_1": 0.64352,
      "mrr_at_10": 0.72534,
      "mrr_at_100": 0.72954,
      "mrr_at_1000": 0.72966,
      "mrr_at_20": 0.7283,
      "mrr_at_3": 0.70583,
      "mrr_at_5": 0.71664,
      "ndcg_at_1": 0.64352,
      "ndcg_at_10": 0.70898,
      "ndcg_at_100": 0.74829,
      "ndcg_at_1000": 0.75574,
      "ndcg_at_20": 0.72842,
      "ndcg_at_3": 0.65541,
      "ndcg_at_5": 0.67423,
      "precision_at_1": 0.64352,
      "precision_at_10": 0.16395,
      "precision_at_100": 0.01972,
      "precision_at_1000": 0.00207,
      "precision_at_20": 0.08872,
      "precision_at_3": 0.40053,
      "precision_at_5": 0.28785,
      "recall_at_1": 0.4113,
      "recall_at_10": 0.80481,
      "recall_at_100": 0.95096,
      "recall_at_1000": 1.0,
      "recall_at_20": 0.8674,
      "recall_at_3": 0.63578,
      "recall_at_5": 0.72045
    },
    "hi": {
      "map_at_1": 0.55481,
      "map_at_10": 0.70432,
      "map_at_100": 0.71134,
      "map_at_1000": 0.71154,
      "map_at_20": 0.70882,
      "map_at_3": 0.67501,
      "map_at_5": 0.69433,
      "mrr_at_1": 0.65514,
      "mrr_at_10": 0.72791,
      "mrr_at_100": 0.73201,
      "mrr_at_1000": 0.73212,
      "mrr_at_20": 0.73055,
      "mrr_at_3": 0.71099,
      "mrr_at_5": 0.72148,
      "ndcg_at_1": 0.65514,
      "ndcg_at_10": 0.74814,
      "ndcg_at_100": 0.77568,
      "ndcg_at_1000": 0.78006,
      "ndcg_at_20": 0.76146,
      "ndcg_at_3": 0.70518,
      "ndcg_at_5": 0.72861,
      "precision_at_1": 0.65514,
      "precision_at_10": 0.1147,
      "precision_at_100": 0.01339,
      "precision_at_1000": 0.00139,
      "precision_at_20": 0.06103,
      "precision_at_3": 0.32144,
      "precision_at_5": 0.21232,
      "recall_at_1": 0.55481,
      "recall_at_10": 0.85425,
      "recall_at_100": 0.96818,
      "recall_at_1000": 0.99892,
      "recall_at_20": 0.90169,
      "recall_at_3": 0.74411,
      "recall_at_5": 0.8007
    },
    "it": {
      "map_at_1": 0.47936,
      "map_at_10": 0.71076,
      "map_at_100": 0.72086,
      "map_at_1000": 0.7212,
      "map_at_20": 0.71717,
      "map_at_3": 0.65673,
      "map_at_5": 0.69588,
      "mrr_at_1": 0.7089,
      "mrr_at_10": 0.76412,
      "mrr_at_100": 0.76871,
      "mrr_at_1000": 0.76882,
      "mrr_at_20": 0.7669,
      "mrr_at_3": 0.75314,
      "mrr_at_5": 0.75918,
      "ndcg_at_1": 0.7089,
      "ndcg_at_10": 0.75461,
      "ndcg_at_100": 0.78974,
      "ndcg_at_1000": 0.79514,
      "ndcg_at_20": 0.77086,
      "ndcg_at_3": 0.72172,
      "ndcg_at_5": 0.73327,
      "precision_at_1": 0.7089,
      "precision_at_10": 0.15852,
      "precision_at_100": 0.01849,
      "precision_at_1000": 0.00192,
      "precision_at_20": 0.08484,
      "precision_at_3": 0.42031,
      "precision_at_5": 0.29261,
      "recall_at_1": 0.47936,
      "recall_at_10": 0.82423,
      "recall_at_100": 0.96448,
      "recall_at_1000": 0.99849,
      "recall_at_20": 0.87783,
      "recall_at_3": 0.70724,
      "recall_at_5": 0.77393
    },
    "ja": {
      "map_at_1": 0.42463,
      "map_at_10": 0.68557,
      "map_at_100": 0.69519,
      "map_at_1000": 0.69551,
      "map_at_20": 0.69176,
      "map_at_3": 0.63162,
      "map_at_5": 0.67207,
      "mrr_at_1": 0.66545,
      "mrr_at_10": 0.71683,
      "mrr_at_100": 0.72211,
      "mrr_at_1000": 0.72232,
      "mrr_at_20": 0.72033,
      "mrr_at_3": 0.7,
      "mrr_at_5": 0.71018,
      "ndcg_at_1": 0.66545,
      "ndcg_at_10": 0.7244,
      "ndcg_at_100": 0.75966,
      "ndcg_at_1000": 0.76656,
      "ndcg_at_20": 0.74119,
      "ndcg_at_3": 0.685,
      "ndcg_at_5": 0.70062,
      "precision_at_1": 0.66545,
      "precision_at_10": 0.16109,
      "precision_at_100": 0.01864,
      "precision_at_1000": 0.00194,
      "precision_at_20": 0.08582,
      "precision_at_3": 0.43313,
      "precision_at_5": 0.29842,
      "recall_at_1": 0.42463,
      "recall_at_10": 0.80673,
      "recall_at_100": 0.94992,
      "recall_at_1000": 0.99879,
      "recall_at_20": 0.86267,
      "recall_at_3": 0.67008,
      "recall_at_5": 0.74384
    },
    "ko": {
      "map_at_1": 0.20971,
      "map_at_10": 0.31289,
      "map_at_100": 0.32868,
      "map_at_1000": 0.32988,
      "map_at_20": 0.32082,
      "map_at_3": 0.27965,
      "map_at_5": 0.29852,
      "mrr_at_1": 0.30122,
      "mrr_at_10": 0.36264,
      "mrr_at_100": 0.37447,
      "mrr_at_1000": 0.37527,
      "mrr_at_20": 0.36892,
      "mrr_at_3": 0.34149,