{
  "dataset_revision": "c99d599f0a6ab9b85b065da6f9d94f9cf731679f",
  "evaluation_time": 6.2112743854522705,
  "kg_co2_emissions": null,
  "mteb_version": "1.11.19",
  "scores": {
    "test": [
      {
        "hf_subset": "fra-fra",
        "languages": [
          "fra-Latn",
          "fra-Latn"
        ],
        "main_score": 0.65019,
        "map_at_1": 0.37644,
        "map_at_10": 0.58864,
        "map_at_100": 0.60192,
        "map_at_1000": 0.60261,
        "map_at_20": 0.59722,
        "map_at_3": 0.52443,
        "map_at_5": 0.56657,
        "mrr_at_1": 0.60614,
        "mrr_at_10": 0.67588,
        "mrr_at_100": 0.68115,
        "mrr_at_1000": 0.68141,
        "mrr_at_20": 0.67943,
        "mrr_at_3": 0.65643,
        "mrr_at_5": 0.66838,
        "ndcg_at_1": 0.60614,
        "ndcg_at_10": 0.65019,
        "ndcg_at_100": 0.69449,
        "ndcg_at_1000": 0.70748,
        "ndcg_at_20": 0.67162,
        "ndcg_at_3": 0.59803,
        "ndcg_at_5": 0.61694,
        "precision_at_1": 0.60614,
        "precision_at_10": 0.15234,
        "precision_at_100": 0.01891,
        "precision_at_1000": 0.00206,
        "precision_at_20": 0.08358,
        "precision_at_3": 0.36493,
        "precision_at_5": 0.26489,
        "recall_at_1": 0.37644,
        "recall_at_10": 0.73712,
        "recall_at_100": 0.90714,
        "recall_at_1000": 0.99439,
        "recall_at_20": 0.80692,
        "recall_at_3": 0.5725,
        "recall_at_5": 0.65868
      }
    ]
  },
  "task_name": "XPQARetrieval"
}