{
    "test": {
        "evaluation_time": 5.57,
        "map": 0.5668809109301288,
        "mrr": 0.6992239370355714
    },
    "dataset_version": null,
    "mteb_version": "0.0.2"
}