{
    "test": {
        "evaluation_time": 694.34,
        "v_measure": 0.34974621074365847,
        "v_measure_std": 0.00969788752140185
    },
    "dataset_version": null,
    "mteb_version": "0.0.2"
}