{
    "mteb_version": "0.0.2",
    "test": {
        "evaluation_time": 120.47,
        "map_at_1": 0.11522,
        "map_at_10": 0.18082,
        "map_at_100": 0.19211,
        "map_at_1000": 0.19346,
        "map_at_3": 0.16077,
        "map_at_5": 0.17151,
        "ndcg_at_1": 0.14055,
        "ndcg_at_10": 0.22379,
        "ndcg_at_100": 0.2815,
        "ndcg_at_1000": 0.3154,
        "ndcg_at_3": 0.18544,
        "ndcg_at_5": 0.20334,
        "precision_at_1": 0.14055,
        "precision_at_10": 0.04266,
        "precision_at_100": 0.00847,
        "precision_at_1000": 0.00128,
        "precision_at_3": 0.08955,
        "precision_at_5": 0.06716,
        "recall_at_1": 0.11522,
        "recall_at_10": 0.32196,
        "recall_at_100": 0.57675,
        "recall_at_1000": 0.82197,
        "recall_at_3": 0.21688,
        "recall_at_5": 0.26134
    },
    "mteb_dataset_name": "CQADupstackMathematicaRetrieval",
    "dataset_revision": "2b9f5791698b5be7bc5e10535c8690f20043c3db"
}