{
    "dataset_version": null,
    "mteb_version": "0.0.2",
    "test": {
        "evaluation_time": 124.83,
        "map_at_1": 0.3449,
        "map_at_10": 0.45559,
        "map_at_100": 0.46688,
        "map_at_1000": 0.4676,
        "map_at_3": 0.42385,
        "map_at_5": 0.44295,
        "ndcg_at_1": 0.39561,
        "ndcg_at_10": 0.51052,
        "ndcg_at_100": 0.55733,
        "ndcg_at_1000": 0.5717,
        "ndcg_at_3": 0.45576,
        "ndcg_at_5": 0.48449,
        "precision_at_1": 0.39561,
        "precision_at_10": 0.08257,
        "precision_at_100": 0.01155,
        "precision_at_1000": 0.00133,
        "precision_at_3": 0.20251,
        "precision_at_5": 0.14157,
        "recall_at_1": 0.3449,
        "recall_at_10": 0.64265,
        "recall_at_100": 0.84565,
        "recall_at_1000": 0.94734,
        "recall_at_3": 0.49742,
        "recall_at_5": 0.56715
    },
    "mteb_dataset_name": "CQADupstackGamingRetrieval"
}