{
    "dataset_version": null,
    "mteb_version": "0.0.2",
    "test": {
        "evaluation_time": 196.68,
        "map_at_1": 0.18168,
        "map_at_10": 0.24865,
        "map_at_100": 0.25852,
        "map_at_1000": 0.25952,
        "map_at_3": 0.22769,
        "map_at_5": 0.23952,
        "ndcg_at_1": 0.19661,
        "ndcg_at_10": 0.28841,
        "ndcg_at_100": 0.34089,
        "ndcg_at_1000": 0.36809,
        "ndcg_at_3": 0.24659,
        "ndcg_at_5": 0.26697,
        "precision_at_1": 0.19661,
        "precision_at_10": 0.04554,
        "precision_at_100": 0.00755,
        "precision_at_1000": 0.00103,
        "precision_at_3": 0.10546,
        "precision_at_5": 0.07503,
        "recall_at_1": 0.18168,
        "recall_at_10": 0.39571,
        "recall_at_100": 0.64492,
        "recall_at_1000": 0.85237,
        "recall_at_3": 0.28201,
        "recall_at_5": 0.33132
    },
    "mteb_dataset_name": "CQADupstackGisRetrieval"
}