{
    "dataset_version": null,
    "mteb_version": "0.0.2",
    "test": {
        "evaluation_time": 8959.62,
        "map_at_1": 0.08302,
        "map_at_10": 0.18775,
        "map_at_100": 0.26566,
        "map_at_1000": 0.28217,
        "map_at_3": 0.13141,
        "map_at_5": 0.15208,
        "ndcg_at_1": 0.47,
        "ndcg_at_10": 0.38103,
        "ndcg_at_100": 0.43589,
        "ndcg_at_1000": 0.51633,
        "ndcg_at_3": 0.40386,
        "ndcg_at_5": 0.384,
        "precision_at_1": 0.595,
        "precision_at_10": 0.3135,
        "precision_at_100": 0.0999,
        "precision_at_1000": 0.02112,
        "precision_at_3": 0.45667,
        "precision_at_5": 0.3835,
        "recall_at_1": 0.08302,
        "recall_at_10": 0.254,
        "recall_at_100": 0.52633,
        "recall_at_1000": 0.77761,
        "recall_at_3": 0.14684,
        "recall_at_5": 0.18141
    }
}