{
    "mteb_version": "0.0.2",
    "test": {
        "evaluation_time": 16313.59,
        "map_at_1": 0.36443,
        "map_at_10": 0.51284,
        "map_at_100": 0.5196,
        "map_at_1000": 0.51984,
        "map_at_3": 0.47526,
        "map_at_5": 0.49883,
        "ndcg_at_1": 0.39094,
        "ndcg_at_10": 0.59294,
        "ndcg_at_100": 0.62172,
        "ndcg_at_1000": 0.62683,
        "ndcg_at_3": 0.51919,
        "ndcg_at_5": 0.56061,
        "precision_at_1": 0.39094,
        "precision_at_10": 0.08863,
        "precision_at_100": 0.01041,
        "precision_at_1000": 0.0011,
        "precision_at_3": 0.22147,
        "precision_at_5": 0.15509,
        "recall_at_1": 0.36443,
        "recall_at_10": 0.80914,
        "recall_at_100": 0.9332,
        "recall_at_1000": 0.9683,
        "recall_at_3": 0.61308,
        "recall_at_5": 0.71269
    },
    "mteb_dataset_name": "FEVER",
    "dataset_revision": "1429cf27e393599b8b359b9b72c666f96b2525f9"
}