{
  "test": {
    "evaluation_time": 36.39,
    "v_measure": 0.2727180592101203,
    "v_measure_std": 0.013059670931184547
  }
}