{
    "dataset_version": null,
    "mteb_version": "0.0.2",
    "test": {
        "evaluation_time": 2100.43,
        "v_measure": 0.5757965400787036,
        "v_measure_std": 0.1296690184299133
    }
}