{
    "test": {
        "cos_sim": {
            "pearson": 0.7726826729688394,
            "spearman": 0.702003740199912
        },
        "euclidean": {
            "pearson": 0.7329539584566378,
            "spearman": 0.7006280776269689
        },
        "evaluation_time": 8.44,
        "manhattan": {
            "pearson": 0.7325757657349367,
            "spearman": 0.700525216612361
        }
    },
    "mteb_version": "0.0.2",
    "mteb_dataset_name": "SICK-R",
    "dataset_revision": "20a6d6f312dd54037fe07a32d58e5e168867909d"
}