{
    "test": {
        "cos_sim": {
            "pearson": 0.7978969303257338,
            "spearman": 0.8003351945178154
        },
        "euclidean": {
            "pearson": 0.7834033868908686,
            "spearman": 0.79053229862136
        },
        "evaluation_time": 3.64,
        "manhattan": {
            "pearson": 0.7836205652535216,
            "spearman": 0.790724931439423
        }
    },
    "dataset_version": null,
    "mteb_version": "0.0.2",
    "mteb_dataset_name": "STS13"
}