{
    "mteb_version": "0.0.2",
    "test": {
        "evaluation_time": 14.91,
        "map_at_1": 0.34975,
        "map_at_10": 0.47228,
        "map_at_100": 0.4891,
        "map_at_1000": 0.49016,
        "map_at_3": 0.43334,
        "map_at_5": 0.45353,
        "mrr_at_1": 0.43348,
        "mrr_at_10": 0.53744,
        "mrr_at_100": 0.54432,
        "mrr_at_1000": 0.54458,
        "mrr_at_3": 0.51359,
        "mrr_at_5": 0.52825,
        "ndcg_at_1": 0.43348,
        "ndcg_at_10": 0.54118,
        "ndcg_at_100": 0.59496,
        "ndcg_at_1000": 0.60847,
        "ndcg_at_3": 0.49001,
        "ndcg_at_5": 0.51245,
        "precision_at_1": 0.43348,
        "precision_at_10": 0.10658,
        "precision_at_100": 0.01701,
        "precision_at_1000": 0.00214,
        "precision_at_3": 0.23701,
        "precision_at_5": 0.17082,
        "recall_at_1": 0.34975,
        "recall_at_10": 0.66291,
        "recall_at_100": 0.88727,
        "recall_at_1000": 0.97267,
        "recall_at_3": 0.51505,
        "recall_at_5": 0.57833
    },
    "mteb_dataset_name": "CQADupstackAndroidRetrieval",
    "dataset_revision": "2b9f5791698b5be7bc5e10535c8690f20043c3db"
}