{
    "mteb_version": "0.0.2",
    "test": {
        "evaluation_time": 5.08,
        "map_at_1": 0.05156,
        "map_at_10": 0.11551,
        "map_at_100": 0.14938,
        "map_at_1000": 0.16366,
        "map_at_3": 0.08118,
        "map_at_5": 0.09918,
        "mrr_at_1": 0.42415,
        "mrr_at_10": 0.51572,
        "mrr_at_100": 0.52126,
        "mrr_at_1000": 0.52171,
        "mrr_at_3": 0.4902,
        "mrr_at_5": 0.50506,
        "ndcg_at_1": 0.39783,
        "ndcg_at_10": 0.3225,
        "ndcg_at_100": 0.30089,
        "ndcg_at_1000": 0.3886,
        "ndcg_at_3": 0.36962,
        "ndcg_at_5": 0.35292,
        "precision_at_1": 0.41796,
        "precision_at_10": 0.24272,
        "precision_at_100": 0.07963,
        "precision_at_1000": 0.0207,
        "precision_at_3": 0.35397,
        "precision_at_5": 0.31022,
        "recall_at_1": 0.05156,
        "recall_at_10": 0.15468,
        "recall_at_100": 0.31049,
        "recall_at_1000": 0.63148,
        "recall_at_3": 0.09079,
        "recall_at_5": 0.12275
    },
    "mteb_dataset_name": "NFCorpus",
    "dataset_revision": "7eb63cc0c1eb59324d709ebed25fcab851fa7610"
}