{
  "dataset_version": null,
  "mteb_version": "0.0.2",
  "test": {
    "evaluation_time": 126.47,
    "v_measure": 0.5117754512268463,
    "v_measure_std": 0.04258616633145622
  }
}