{
    "mteb_version": "0.0.2",
    "test": {
        "cos_sim": {
            "pearson": 0.84734147277542,
            "spearman": 0.7931808201454881
        },
        "euclidean": {
            "pearson": 0.8133251162244007,
            "spearman": 0.7931808410123591
        },
        "evaluation_time": 3.45,
        "manhattan": {
            "pearson": 0.8124535628962194,
            "spearman": 0.7918643136990889
        }
    },
    "mteb_dataset_name": "SICK-R",
    "dataset_revision": "20a6d6f312dd54037fe07a32d58e5e168867909d"
}