{
    "mteb_version": "0.0.2",
    "test": {
        "accuracy": 0.6746939999999999,
        "accuracy_stderr": 0.03892602014077472,
        "ap": 0.12602604676283388,
        "ap_stderr": 0.00841788691137329,
        "evaluation_time": 30.38,
        "f1": 0.5182471949507483,
        "f1_stderr": 0.022969099658336534,
        "main_score": 0.6746939999999999
    },
    "mteb_dataset_name": "ToxicConversationsClassification",
    "dataset_revision": "edfaf9da55d3dd50d43143d90c1ac476895ae6de"
}