{
  "dataset_revision": "fcf295ea64c750f41fadbaa37b9b861558e1bfbd",
  "mteb_dataset_name": "AlloprofRetrieval",
  "mteb_version": "1.9.1",
  "test": {
    "evaluation_time": 528.07,
    "map_at_1": 0.31477,
    "map_at_10": 0.43082,
    "map_at_100": 0.43985,
    "map_at_1000": 0.44028,
    "map_at_20": 0.43621,
    "map_at_3": 0.39976,
    "map_at_5": 0.41761,
    "mrr_at_1": 0.31477,
    "mrr_at_10": 0.43082,
    "mrr_at_100": 0.43985,
    "mrr_at_1000": 0.44028,
    "mrr_at_20": 0.43621,
    "mrr_at_3": 0.39976,
    "mrr_at_5": 0.41761,
    "ndcg_at_1": 0.31477,
    "ndcg_at_10": 0.49097,
    "ndcg_at_100": 0.53699,
    "ndcg_at_1000": 0.5484,
    "ndcg_at_20": 0.5107,
    "ndcg_at_3": 0.42698,
    "ndcg_at_5": 0.45898,
    "precision_at_1": 0.31477,
    "precision_at_10": 0.06818,
    "precision_at_100": 0.00902,
    "precision_at_1000": 0.00099,
    "precision_at_20": 0.038,
    "precision_at_3": 0.16854,
    "precision_at_5": 0.11658,
    "recall_at_1": 0.31477,
    "recall_at_10": 0.68178,
    "recall_at_100": 0.90155,
    "recall_at_1000": 0.99136,
    "recall_at_20": 0.75993,
    "recall_at_3": 0.50561,
    "recall_at_5": 0.5829
  }
}