{
  "dataset_revision": "19661ccdca4dfc2d15122d776b61685f48c68ca9",
  "mteb_dataset_name": "SyntecRetrieval",
  "mteb_version": "1.9.1",
  "test": {
    "evaluation_time": 14.57,
    "map_at_1": 0.62,
    "map_at_10": 0.7541,
    "map_at_100": 0.75593,
    "map_at_1000": 0.75593,
    "map_at_20": 0.7541,
    "map_at_3": 0.74,
    "map_at_5": 0.751,
    "mrr_at_1": 0.62,
    "mrr_at_10": 0.7541,
    "mrr_at_100": 0.75593,
    "mrr_at_1000": 0.75593,
    "mrr_at_20": 0.7541,
    "mrr_at_3": 0.74,
    "mrr_at_5": 0.751,
    "ndcg_at_1": 0.62,
    "ndcg_at_10": 0.8033,
    "ndcg_at_100": 0.81367,
    "ndcg_at_1000": 0.81367,
    "ndcg_at_20": 0.8033,
    "ndcg_at_3": 0.77619,
    "ndcg_at_5": 0.79641,
    "precision_at_1": 0.62,
    "precision_at_10": 0.095,
    "precision_at_100": 0.01,
    "precision_at_1000": 0.001,
    "precision_at_20": 0.0475,
    "precision_at_3": 0.29333,
    "precision_at_5": 0.186,
    "recall_at_1": 0.62,
    "recall_at_10": 0.95,
    "recall_at_100": 1.0,
    "recall_at_1000": 1.0,
    "recall_at_20": 0.95,
    "recall_at_3": 0.88,
    "recall_at_5": 0.93
  }
}