{
    "mteb_version": "0.0.2",
    "test": {
        "evaluation_time": 31028.72,
        "map_at_1": 0.28969,
        "map_at_10": 0.43701,
        "map_at_100": 0.44799,
        "map_at_1000": 0.44836,
        "map_at_3": 0.39598,
        "map_at_5": 0.41895,
        "ndcg_at_1": 0.32764,
        "ndcg_at_10": 0.51298,
        "ndcg_at_100": 0.55954,
        "ndcg_at_1000": 0.56806,
        "ndcg_at_3": 0.43552,
        "ndcg_at_5": 0.47374,
        "precision_at_1": 0.32764,
        "precision_at_10": 0.08552,
        "precision_at_100": 0.01117,
        "precision_at_1000": 0.0012,
        "precision_at_3": 0.19998,
        "precision_at_5": 0.14229,
        "recall_at_1": 0.28969,
        "recall_at_10": 0.71804,
        "recall_at_100": 0.92019,
        "recall_at_1000": 0.98371,
        "recall_at_3": 0.51668,
        "recall_at_5": 0.60424
    },
    "mteb_dataset_name": "NQ",
    "dataset_revision": "6062aefc120bfe8ece5897809fb2e53bfe0d128c"
}