{
    "test": {
        "cos_sim": {
            "pearson": 0.8242553734213958,
            "spearman": 0.8138977341532744
        },
        "euclidean": {
            "pearson": 0.7647494587945523,
            "spearman": 0.7592794860531089
        },
        "evaluation_time": 39.38,
        "manhattan": {
            "pearson": 0.764768777169467,
            "spearman": 0.759252673228599
        }
    },
    "mteb_version": "0.0.2",
    "mteb_dataset_name": "STSBenchmark",
    "dataset_revision": "8913289635987208e6e7c72789e4be2fe94b6abd"
}