{
    "dataset_version": null,
    "mteb_version": "0.0.2",
    "test": {
        "cos_sim": {
            "pearson": 0.7866485531836147,
            "spearman": 0.7804454938233867
        },
        "euclidean": {
            "pearson": 0.7830753395179999,
            "spearman": 0.7804454938233867
        },
        "evaluation_time": 3.17,
        "manhattan": {
            "pearson": 0.7854554630910295,
            "spearman": 0.7834395379483275
        }
    },
    "mteb_dataset_name": "BIOSSES"
}