{
    "mteb_version": "0.0.2",
    "test": {
        "cos_sim": {
            "pearson": 0.7801024799341216,
            "spearman": 0.747350273785995
        },
        "euclidean": {
            "pearson": 0.7712286017868608,
            "spearman": 0.747350273785995
        },
        "evaluation_time": 32.11,
        "manhattan": {
            "pearson": 0.770704151658301,
            "spearman": 0.7476995398801958
        }
    },
    "mteb_dataset_name": "STS14",
    "dataset_revision": "e2125984e7df8b7871f6ae9949cf6b6795e7c54b"
}