{
  "dataset_revision": "392ba3f5bcc8c51f578786c1fc3dae648662cb9b",
  "mteb_dataset_name": "AlloprofRetrieval",
  "mteb_version": "1.1.2.dev0",
  "test": {
    "evaluation_time": 13.11,
    "map_at_1": 0.14033,
    "map_at_10": 0.21987,
    "map_at_100": 0.23162,
    "map_at_1000": 0.23256,
    "map_at_3": 0.19344,
    "map_at_5": 0.20736,
    "mrr_at_1": 0.14033,
    "mrr_at_10": 0.21983,
    "mrr_at_100": 0.23159,
    "mrr_at_1000": 0.23253,
    "mrr_at_3": 0.19329,
    "mrr_at_5": 0.20733,
    "ndcg_at_1": 0.14033,
    "ndcg_at_10": 0.26634,
    "ndcg_at_100": 0.33073,
    "ndcg_at_1000": 0.35864,
    "ndcg_at_3": 0.21094,
    "ndcg_at_5": 0.23612,
    "precision_at_1": 0.14033,
    "precision_at_10": 0.04162,
    "precision_at_100": 0.00734,
    "precision_at_1000": 0.00096,
    "precision_at_3": 0.08722,
    "precision_at_5": 0.06459,
    "recall_at_1": 0.14033,
    "recall_at_10": 0.41623,
    "recall_at_100": 0.73402,
    "recall_at_1000": 0.95984,
    "recall_at_3": 0.26166,
    "recall_at_5": 0.32297
  }
}