{
  "dataset_revision": "e077ab4cf4774a1e36d86d593b150422fafd8e8a",
  "mteb_dataset_name": "SICKFr",
  "mteb_version": "1.1.2.dev0",
  "test": {
    "cos_sim": {
      "pearson": 0.8011699834467937,
      "spearman": 0.75102380757868
    },
    "euclidean": {
      "pearson": 0.7799220962650136,
      "spearman": 0.7510235165772294
    },
    "evaluation_time": 4.1,
    "manhattan": {
      "pearson": 0.7803038402776575,
      "spearman": 0.7508000778577479
    }
  }
}