{
    "mteb_version": "0.0.2",
    "test": {
        "evaluation_time": 90.67,
        "map_at_1": 0.10595,
        "map_at_10": 0.15131,
        "map_at_100": 0.15926,
        "map_at_1000": 0.1602,
        "map_at_3": 0.13403,
        "map_at_5": 0.14466,
        "mrr_at_1": 0.12351,
        "mrr_at_10": 0.17119,
        "mrr_at_100": 0.17873,
        "mrr_at_1000": 0.17949,
        "mrr_at_3": 0.1535,
        "mrr_at_5": 0.16406,
        "ndcg_at_1": 0.12351,
        "ndcg_at_10": 0.18144,
        "ndcg_at_100": 0.22172,
        "ndcg_at_1000": 0.24861,
        "ndcg_at_3": 0.14854,
        "ndcg_at_5": 0.16614,
        "precision_at_1": 0.12351,
        "precision_at_10": 0.03216,
        "precision_at_100": 0.00581,
        "precision_at_1000": 0.00088,
        "precision_at_3": 0.06771,
        "precision_at_5": 0.05179,
        "recall_at_1": 0.10595,
        "recall_at_10": 0.25437,
        "recall_at_100": 0.44069,
        "recall_at_1000": 0.64569,
        "recall_at_3": 0.16572,
        "recall_at_5": 0.20845
    },
    "mteb_dataset_name": "CQADupstackGamingRetrieval",
    "dataset_revision": "2b9f5791698b5be7bc5e10535c8690f20043c3db"
}