{
    "dataset_version": null,
    "mteb_version": "0.0.2",
    "test": {
        "evaluation_time": 187.58,
        "map_at_1": 0.08416333333333333,
        "map_at_10": 0.11984166666666667,
        "map_at_100": 0.12730916666666667,
        "map_at_1000": 0.128475,
        "map_at_3": 0.10719083333333335,
        "map_at_5": 0.11353166666666667,
        "mrr_at_1": 0.10010083333333333,
        "mrr_at_10": 0.14145166666666664,
        "mrr_at_100": 0.1487966666666667,
        "mrr_at_1000": 0.14970666666666668,
        "mrr_at_3": 0.12716249999999998,
        "mrr_at_5": 0.13435333333333332,
        "ndcg_at_1": 0.10010083333333333,
        "ndcg_at_10": 0.14599833333333334,
        "ndcg_at_100": 0.18553999999999998,
        "ndcg_at_1000": 0.21771916666666666,
        "ndcg_at_3": 0.120795,
        "ndcg_at_5": 0.13120083333333332,
        "precision_at_1": 0.10010083333333333,
        "precision_at_10": 0.02718666666666667,
        "precision_at_100": 0.0056433333333333335,
        "precision_at_1000": 0.000995,
        "precision_at_3": 0.05639333333333333,
        "precision_at_5": 0.04135416666666667,
        "recall_at_1": 0.08416333333333333,
        "recall_at_10": 0.2046425,
        "recall_at_100": 0.3859566666666666,
        "recall_at_1000": 0.6259283333333334,
        "recall_at_3": 0.13495833333333335,
        "recall_at_5": 0.16088
    },
    "mteb_dataset_name": "CQADupstackRetrieval"
}