{
  "dataset_version": null,
  "mteb_version": "0.0.2",
  "test": {
    "evaluation_time": 26.93,
    "v_measure": 0.3166370444398837,
    "v_measure_std": 0.015189315905471009
  }
}