{
  "dataset_version": null,
  "mteb_version": "0.0.2",
  "test": {
    "evaluation_time": 326.55,
    "map_at_1": 0.49927,
    "map_at_10": 0.59987,
    "map_at_100": 0.60832,
    "map_at_1000": 0.60891,
    "map_at_3": 0.57383,
    "map_at_5": 0.58878,
    "mrr_at_1": 0.5761,
    "mrr_at_10": 0.6467,
    "mrr_at_100": 0.65142,
    "mrr_at_1000": 0.65167,
    "mrr_at_3": 0.62942,
    "mrr_at_5": 0.6397,
    "ndcg_at_1": 0.5763,
    "ndcg_at_10": 0.64649,
    "ndcg_at_100": 0.67849,
    "ndcg_at_1000": 0.68895,
    "ndcg_at_3": 0.60955,
    "ndcg_at_5": 0.62704,
    "precision_at_1": 0.5763,
    "precision_at_10": 0.09821,
    "precision_at_100": 0.01258,
    "precision_at_1000": 0.00143,
    "precision_at_3": 0.2631,
    "precision_at_5": 0.17492,
    "recall_at_1": 0.49927,
    "recall_at_10": 0.73701,
    "recall_at_100": 0.87211,
    "recall_at_1000": 0.94178,
    "recall_at_3": 0.63015,
    "recall_at_5": 0.67843
  }
}