{
    "mteb_version": "0.0.2",
    "test": {
        "evaluation_time": 46.18,
        "map_at_1": 0.30556,
        "map_at_10": 0.42395,
        "map_at_100": 0.43477,
        "map_at_1000": 0.4354,
        "map_at_3": 0.39235,
        "map_at_5": 0.41469,
        "mrr_at_1": 0.32333,
        "mrr_at_10": 0.43304,
        "mrr_at_100": 0.44137,
        "mrr_at_1000": 0.44195,
        "mrr_at_3": 0.40444,
        "mrr_at_5": 0.42311,
        "ndcg_at_1": 0.32333,
        "ndcg_at_10": 0.47878,
        "ndcg_at_100": 0.52444,
        "ndcg_at_1000": 0.54119,
        "ndcg_at_3": 0.42182,
        "ndcg_at_5": 0.45626,
        "precision_at_1": 0.32333,
        "precision_at_10": 0.07233,
        "precision_at_100": 0.0096,
        "precision_at_1000": 0.0011,
        "precision_at_3": 0.18111,
        "precision_at_5": 0.128,
        "recall_at_1": 0.30556,
        "recall_at_10": 0.63728,
        "recall_at_100": 0.83989,
        "recall_at_1000": 0.97167,
        "recall_at_3": 0.48689,
        "recall_at_5": 0.57078
    },
    "mteb_dataset_name": "SciFact",
    "dataset_revision": "a75ae049398addde9b70f6b268875f5cbce99089"
}