{
    "mteb_version": "0.0.2",
    "test": {
        "cos_sim": {
            "accuracy": 0.7879835489062407,
            "accuracy_threshold": 0.9498609304428101,
            "ap": 0.4325234932445783,
            "f1": 0.4429850746268657,
            "f1_threshold": 0.8811185359954834,
            "precision": 0.35559105431309906,
            "recall": 0.587335092348285
        },
        "dot": {
            "accuracy": 0.7812481373308696,
            "accuracy_threshold": 453.71624755859375,
            "ap": 0.40729037223088294,
            "f1": 0.44577685088633995,
            "f1_threshold": 393.3662109375,
            "precision": 0.3323399844519305,
            "recall": 0.6767810026385225
        },
        "euclidean": {
            "accuracy": 0.7868510460749836,
            "accuracy_threshold": 6.886472702026367,
            "ap": 0.4272005594080417,
            "f1": 0.43969374564979613,
            "f1_threshold": 10.411612510681152,
            "precision": 0.35280038295835325,
            "recall": 0.583377308707124
        },
        "evaluation_time": 6.7,
        "manhattan": {
            "accuracy": 0.7868510460749836,
            "accuracy_threshold": 152.93243408203125,
            "ap": 0.4277742532727401,
            "f1": 0.43830855377486,
            "f1_threshold": 232.2431640625,
            "precision": 0.3456151035322777,
            "recall": 0.5989445910290238
        },
        "max": {
            "accuracy": 0.7879835489062407,
            "ap": 0.4325234932445783,
            "f1": 0.44577685088633995
        }
    },
    "mteb_dataset_name": "TwitterSemEval2015",
    "dataset_revision": "70970daeab8776df92f5ea462b6173c0b46fd2d1"
}