{
    "test": {
        "en": {
            "accuracy": 0.7891044776119402,
            "accuracy_stderr": 0.04248910596424047,
            "ap": 0.4173574501897622,
            "ap_stderr": 0.04990076331390826,
            "f1": 0.7242480130963872,
            "f1_stderr": 0.042112615945239476,
            "main_score": 0.4173574501897622
        },
        "evaluation_time": 112.13
    },
    "dataset_version": null,
    "mteb_version": "0.0.2"
}