{
  "dataset_revision": "1399c76144fd37290681b995c656ef9b2e06e26d",
  "mteb_dataset_name": "AmazonReviewsClassification",
  "mteb_version": "1.1.2.dev0",
  "test": {
    "evaluation_time": 48.93,
    "fr": {
      "accuracy": 0.33890000000000003,
      "accuracy_stderr": 0.026762847382145266,
      "f1": 0.328155940607779,
      "f1_stderr": 0.026312171751861048,
      "main_score": 0.33890000000000003
    }
  }
}