{
    "dataset_version": null,
    "mteb_version": "0.0.2",
    "test": {
        "evaluation_time": 528.37,
        "map_at_1": 0.03401,
        "map_at_10": 0.04402,
        "map_at_100": 0.04709,
        "map_at_1000": 0.04787,
        "map_at_3": 0.03923,
        "map_at_5": 0.04155,
        "ndcg_at_1": 0.04011,
        "ndcg_at_10": 0.05332,
        "ndcg_at_100": 0.07162,
        "ndcg_at_1000": 0.09671,
        "ndcg_at_3": 0.04299,
        "ndcg_at_5": 0.04714,
        "precision_at_1": 0.04011,
        "precision_at_10": 0.00942,
        "precision_at_100": 0.00215,
        "precision_at_1000": 0.0005,
        "precision_at_3": 0.01866,
        "precision_at_5": 0.01418,
        "recall_at_1": 0.03401,
        "recall_at_10": 0.07361,
        "recall_at_100": 0.15881,
        "recall_at_1000": 0.34893,
        "recall_at_3": 0.04477,
        "recall_at_5": 0.05484
    },
    "mteb_dataset_name": "CQADupstackUnixRetrieval"
}