{
    "dataset_version": null,
    "mteb_version": "0.0.2",
    "test": {
        "evaluation_time": 222.46,
        "map_at_1": 0.03015,
        "map_at_10": 0.04033,
        "map_at_100": 0.04335,
        "map_at_1000": 0.04404,
        "map_at_3": 0.03578,
        "map_at_5": 0.03706,
        "ndcg_at_1": 0.04224,
        "ndcg_at_10": 0.05053,
        "ndcg_at_100": 0.06996,
        "ndcg_at_1000": 0.09367,
        "ndcg_at_3": 0.04125,
        "ndcg_at_5": 0.04305,
        "precision_at_1": 0.04224,
        "precision_at_10": 0.00959,
        "precision_at_100": 0.00232,
        "precision_at_1000": 0.00052,
        "precision_at_3": 0.01941,
        "precision_at_5": 0.01324,
        "recall_at_1": 0.03015,
        "recall_at_10": 0.07077,
        "recall_at_100": 0.16386,
        "recall_at_1000": 0.34298,
        "recall_at_3": 0.04318,
        "recall_at_5": 0.0486
    }
}