{
    "test": {
        "accuracy": 0.24830000000000002,
        "accuracy_stderr": 0.03350611884417532,
        "evaluation_time": 114.99,
        "f1": 0.22363001081759562,
        "f1_stderr": 0.028095131986252592,
        "main_score": 0.24830000000000002
    },
    "mteb_version": "0.0.2",
    "mteb_dataset_name": "EmotionClassification",
    "dataset_revision": "829147f8f75a25f005913200eb5ed41fae320aa1"
}