{
    "test": {
        "en": {
            "accuracy": 0.558238063214526,
            "accuracy_stderr": 0.03175814265072657,
            "f1": 0.5327246506529526,
            "f1_stderr": 0.031590013456457885,
            "main_score": 0.558238063214526
        },
        "evaluation_time": 114.39
    },
    "dataset_version": null,
    "mteb_version": "0.0.2"
}