{
  "dataset_revision": "ae001d0e6b1228650b7bd1c2c65fb50ad11a8aba",
  "mteb_dataset_name": "MTOPIntentClassification",
  "mteb_version": "1.1.2.dev0",
  "test": {
    "evaluation_time": 18.51,
    "fr": {
      "accuracy": 0.5677106169746321,
      "accuracy_stderr": 0.0233511149321828,
      "f1": 0.3949703384685864,
      "f1_stderr": 0.010407518517757217,
      "main_score": 0.5677106169746321
    }
  }
}