{
    "test": {
        "evaluation_time": 393.84,
        "map_at_1": 0.54965,
        "map_at_10": 0.66201,
        "map_at_100": 0.6704,
        "map_at_1000": 0.6709,
        "map_at_3": 0.63478,
        "map_at_5": 0.65101,
        "ndcg_at_1": 0.6354,
        "ndcg_at_10": 0.71145,
        "ndcg_at_100": 0.74023,
        "ndcg_at_1000": 0.7486,
        "ndcg_at_3": 0.67488,
        "ndcg_at_5": 0.69306,
        "precision_at_1": 0.6354,
        "precision_at_10": 0.10798,
        "precision_at_100": 0.01348,
        "precision_at_1000": 0.00149,
        "precision_at_3": 0.29257,
        "precision_at_5": 0.19412,
        "recall_at_1": 0.54965,
        "recall_at_10": 0.80505,
        "recall_at_100": 0.92322,
        "recall_at_1000": 0.97766,
        "recall_at_3": 0.69938,
        "recall_at_5": 0.7496
    },
    "dataset_version": null,
    "mteb_version": "0.0.2"
}