{
    "test": {
        "cos_sim": {
            "pearson": 0.5482084934083251,
            "spearman": 0.5961753521490076
        },
        "euclidean": {
            "pearson": 0.48749678842541166,
            "spearman": 0.5134313640207328
        },
        "evaluation_time": 11.09,
        "manhattan": {
            "pearson": 0.4650342089534767,
            "spearman": 0.5049636504256733
        }
    },
    "mteb_version": "0.0.2",
    "mteb_dataset_name": "STS13",
    "dataset_revision": "1591bfcbe8c69d4bf7fe2a16e2451017832cafb9"
}