{
    "test": {
        "cos_sim": {
            "pearson": 0.5997074409143551,
            "spearman": 0.6260375600516247
        },
        "euclidean": {
            "pearson": 0.49354765627824515,
            "spearman": 0.5909106889528086
        },
        "evaluation_time": 11.98,
        "manhattan": {
            "pearson": 0.4558810047629682,
            "spearman": 0.5570403794622609
        }
    },
    "mteb_version": "0.0.2",
    "mteb_dataset_name": "STS12",
    "dataset_revision": "fdf84275bb8ce4b49c971d02e84dd1abc677a50f"
}