{
    "test": {
        "cos_sim": {
            "pearson": 0.5818703847325283,
            "spearman": 0.5702962555736466
        },
        "euclidean": {
            "pearson": 0.45125157337180055,
            "spearman": 0.4602986618017823
        },
        "evaluation_time": 12.02,
        "manhattan": {
            "pearson": 0.43130231200967645,
            "spearman": 0.4424979462930574
        }
    },
    "mteb_version": "0.0.2",
    "mteb_dataset_name": "STS14",
    "dataset_revision": "e2125984e7df8b7871f6ae9949cf6b6795e7c54b"
}