{
    "test": {
        "evaluation_time": 2868.01,
        "map_at_1": 0.00146,
        "map_at_10": 0.0036,
        "map_at_100": 0.00428,
        "map_at_1000": 0.00468,
        "map_at_3": 0.00292,
        "map_at_5": 0.00316,
        "ndcg_at_1": 0.02041,
        "ndcg_at_10": 0.0106,
        "ndcg_at_100": 0.01767,
        "ndcg_at_1000": 0.0329,
        "ndcg_at_3": 0.0126,
        "ndcg_at_5": 0.01209,
        "precision_at_1": 0.02041,
        "precision_at_10": 0.0102,
        "precision_at_100": 0.00469,
        "precision_at_1000": 0.00161,
        "precision_at_3": 0.01361,
        "precision_at_5": 0.01224,
        "recall_at_1": 0.00146,
        "recall_at_10": 0.00788,
        "recall_at_100": 0.02675,
        "recall_at_1000": 0.08458,
        "recall_at_3": 0.00292,
        "recall_at_5": 0.00389
    },
    "dataset_version": null,
    "mteb_version": "0.0.2",
    "mteb_dataset_name": "Touche2020"
}