{
  "dataset_revision": "c99d599f0a6ab9b85b065da6f9d94f9cf731679f",
  "mteb_dataset_name": "XPQARetrieval",
  "mteb_version": "1.1.3.dev0",
  "test": {
    "evaluation_time": 11.48,
    "fr": {
      "map_at_1": 0.25449,
      "map_at_10": 0.36955,
      "map_at_100": 0.38389,
      "map_at_1000": 0.38548,
      "map_at_3": 0.33338,
      "map_at_5": 0.35449,
      "mrr_at_1": 0.41522,
      "mrr_at_10": 0.47446,
      "mrr_at_100": 0.48131,
      "mrr_at_1000": 0.48198,
      "mrr_at_3": 0.45616,
      "mrr_at_5": 0.46611,
      "ndcg_at_1": 0.41522,
      "ndcg_at_10": 0.42589,
      "ndcg_at_100": 0.48221,
      "ndcg_at_1000": 0.51822,
      "ndcg_at_3": 0.39012,
      "ndcg_at_5": 0.39899,
      "precision_at_1": 0.41522,
      "precision_at_10": 0.098,
      "precision_at_100": 0.0149,
      "precision_at_1000": 0.002,
      "precision_at_3": 0.23053,
      "precision_at_5": 0.16395,
      "recall_at_1": 0.25449,
      "recall_at_10": 0.48471,
      "recall_at_100": 0.70679,
      "recall_at_1000": 0.95432,
      "recall_at_3": 0.36951,
      "recall_at_5": 0.42014
    }
  }
}