{
  "dataset_revision": "5effa1b9b5fa3b0f9e12523e6e43e5f86a6e6d59",
  "mteb_dataset_name": "BSARDRetrieval",
  "mteb_version": "1.9.1",
  "test": {
    "evaluation_time": 38.29,
    "map_at_1": 0.01802,
    "map_at_10": 0.03418,
    "map_at_100": 0.04061,
    "map_at_1000": 0.04144,
    "map_at_20": 0.03676,
    "map_at_3": 0.02477,
    "map_at_5": 0.02793,
    "mrr_at_1": 0.01802,
    "mrr_at_10": 0.03418,
    "mrr_at_100": 0.04061,
    "mrr_at_1000": 0.04144,
    "mrr_at_20": 0.03676,
    "mrr_at_3": 0.02477,
    "mrr_at_5": 0.02793,
    "ndcg_at_1": 0.01802,
    "ndcg_at_10": 0.04804,
    "ndcg_at_100": 0.08432,
    "ndcg_at_1000": 0.1116,
    "ndcg_at_20": 0.05724,
    "ndcg_at_3": 0.02762,
    "ndcg_at_5": 0.03324,
    "precision_at_1": 0.01802,
    "precision_at_10": 0.00946,
    "precision_at_100": 0.00275,
    "precision_at_1000": 0.0005,
    "precision_at_20": 0.00653,
    "precision_at_3": 0.01201,
    "precision_at_5": 0.00991,
    "recall_at_1": 0.01802,
    "recall_at_10": 0.09459,
    "recall_at_100": 0.27477,
    "recall_at_1000": 0.5,
    "recall_at_20": 0.13063,
    "recall_at_3": 0.03604,
    "recall_at_5": 0.04955
  }
}