{
  "dataset_revision": "5345895c56a601afe1a98519ce3199be60a27dba",
  "mteb_dataset_name": "DiaBLaBitextMining",
  "mteb_version": "1.1.2.dev0",
  "test": {
    "evaluation_time": 6.62,
    "fr-en": {
      "accuracy": 0.04001391788448156,
      "f1": 0.03498878152491112,
      "main_score": 0.03498878152491112,
      "precision": 0.0334793633859696,
      "recall": 0.04001391788448156
    }
  }
}