{
  "dataset_revision": "e077ab4cf4774a1e36d86d593b150422fafd8e8a",
  "mteb_dataset_name": "SICKFr",
  "mteb_version": "1.1.2.dev0",
  "test": {
    "cos_sim": {
      "pearson": 0.6646168617096359,
      "spearman": 0.6248225654609475
    },
    "euclidean": {
      "pearson": 0.6372644567692093,
      "spearman": 0.6248226846583621
    },
    "evaluation_time": 3.08,
    "manhattan": {
      "pearson": 0.6371160152259402,
      "spearman": 0.6247264412793476
    }
  }
}