{
    "specs": "1x Nvidia A100 80GB, CUDA 11.6",
    "LASER2": {
        "STS15": {
            "speed_ms": 1.0833941300710042,
            "embedding_size_kb": 4.096
        }
    },
    "komninos": {
        "STS15": {
            "speed_ms": 0.1243417263031006,
            "embedding_size_kb": 1.2
        }
    },
    "glove.6B.300d": {
        "STS15": {
            "speed_ms": 0.02157012621561686,
            "embedding_size_kb": 1.2
        }
    },
    "SGPT-125M-weightedmean-nli-bitfit": {
        "STS15": {
            "speed_ms": 0.4593875010808309,
            "embedding_size_kb": 3.072
        }
    },
    "SGPT-125M-weightedmean-msmarco-specb-bitfit": {
        "STS15": {
            "speed_ms": 0.428845206896464,
            "embedding_size_kb": 3.072
        }
    },
    "SGPT-5.8B-weightedmean-nli-bitfit": {
        "STS15": {
            "speed_ms": 13.424740513165792,
            "embedding_size_kb": 16.384
        }
    },
    "SGPT-5.8B-weightedmean-msmarco-specb-bitfit": {
        "STS15": {
            "speed_ms": 14.836557308832806,
            "embedding_size_kb": 16.384
        }
    },
    "sgpt-bloom-7b1-msmarco": {
        "STS15": {
            "speed_ms": 14.85209039847056,
            "embedding_size_kb": 16.384
        }
    },
    "sgpt-bloom-1b3-nli": {
        "STS15": {
            "speed_ms": 2.9374282757441206,
            "embedding_size_kb": 8.192
        }
    },
    "all-MiniLM-L6-v2": {
        "STS15": {
            "speed_ms": 0.16073699792226157,
            "embedding_size_kb": 1.536
        }
    },
    "all-MiniLM-L12-v2": {
        "STS15": {
            "speed_ms": 0.9688050746917725, 
            "embedding_size_kb": 1.536
        }
    },
    "allenai-specter": {
        "STS15": {
            "speed_ms": 0.38967605431874597, 
            "embedding_size_kb": 3.072
        }
    },
    "all-mpnet-base-v2": {
        "STS15": {
            "speed_ms": 0.36792703469594323,
            "embedding_size_kb": 3.072
        }
    },
    "paraphrase-multilingual-mpnet-base-v2": {
        "STS15": {
            "speed_ms": 0.4022611379623413,
            "embedding_size_kb": 3.072
        }
    },
    "sentence-t5-base": {
        "STS15": {
            "speed_ms": 0.4259641170501709,
            "embedding_size_kb": 3.072
        }
    },
    "sentence-t5-xxl": {
        "STS15": {
            "speed_ms": 15.613467375437418,
            "embedding_size_kb": 3.072
        }
    },
    "gtr-t5-base": {
        "STS15": {
            "speed_ms": 0.42941439151763916,
            "embedding_size_kb": 3.072
        }
    },
    "gtr-t5-xxl": {
        "STS15": {
            "speed_ms": 15.612300356229145,
            "embedding_size_kb": 3.072
        }
    },
    "contriever-base-msmarco": {
        "STS15": {
            "speed_ms": 0.352802038192749,
            "embedding_size_kb": 3.072
        }
    },
    "msmarco-bert-co-condensor": {
        "STS15": {
            "speed_ms": 0.356208880742391,
            "embedding_size_kb": 3.072
        }
    },
    "bert-base-uncased": {
        "STS15": {
            "speed_ms": 0.3529704411824544,
            "embedding_size_kb": 3.072
        }
    },
    "sup-simcse-bert-base-uncased": {
        "STS15": {
            "speed_ms": 0.34068989753723145,
            "embedding_size_kb": 3.072
        }
    },
    "unsup-simcse-bert-base-uncased": {
        "STS15": {
            "speed_ms": 0.3406365712483724,
            "embedding_size_kb": 3.072
        }
    },
    "LaBSE": {
        "STS15": {
            "speed_ms": 0.37030120690663654,
            "embedding_size_kb": 3.072
        }
    }
}
