{
  "dataset_revision": "ae001d0e6b1228650b7bd1c2c65fb50ad11a8aba",
  "mteb_dataset_name": "MTOPIntentClassification",
  "mteb_version": "1.1.2.dev0",
  "test": {
    "evaluation_time": 21.15,
    "fr": {
      "accuracy": 0.5861572189163796,
      "accuracy_stderr": 0.015946750156937868,
      "f1": 0.41174376890883,
      "f1_stderr": 0.009790435987356051,
      "main_score": 0.5861572189163796
    }
  }
}