{
  "dataset_revision": "8a04d940a42cd40658986fdd8e3da561533a3646",
  "mteb_dataset_name": "PawsX",
  "mteb_version": "1.1.3.dev0",
  "test": {
    "evaluation_time": 10.38,
    "fr": {
      "cos_sim": {
        "accuracy": 0.6195,
        "accuracy_threshold": 0.9776736036391175,
        "ap": 0.5958886792690583,
        "f1": 0.6249134948096886,
        "f1_threshold": 0.3643308824541079,
        "precision": 0.4544539506794162,
        "recall": 1.0
      },
      "dot": {
        "accuracy": 0.6195,
        "accuracy_threshold": 0.9776736371297681,
        "ap": 0.5946377911280314,
        "f1": 0.6249134948096886,
        "f1_threshold": 0.3643308937446339,
        "precision": 0.4544539506794162,
        "recall": 1.0
      },
      "euclidean": {
        "accuracy": 0.6195,
        "accuracy_threshold": 0.21131201368075692,
        "ap": 0.5958886792690583,
        "f1": 0.6249134948096886,
        "f1_threshold": 1.1242172732363354,
        "precision": 0.4544539506794162,
        "recall": 1.0
      },
      "manhattan": {
        "accuracy": 0.619,
        "accuracy_threshold": 5.202800900556213,
        "ap": 0.5961050984411997,
        "f1": 0.6249134948096886,
        "f1_threshold": 28.365437897081392,
        "precision": 0.4544539506794162,
        "recall": 1.0
      },
      "max": {
        "accuracy": 0.6195,
        "ap": 0.5961050984411997,
        "f1": 0.6249134948096886
      }
    }
  }
}