{
  "dataset_revision": "fcf295ea64c750f41fadbaa37b9b861558e1bfbd",
  "mteb_dataset_name": "AlloprofRetrieval",
  "mteb_version": "1.9.1",
  "test": {
    "evaluation_time": 92.78,
    "map_at_1": 0.2962,
    "map_at_10": 0.40963,
    "map_at_100": 0.41894,
    "map_at_1000": 0.41939,
    "map_at_20": 0.41534,
    "map_at_3": 0.37709,
    "map_at_5": 0.39697,
    "mrr_at_1": 0.2962,
    "mrr_at_10": 0.40963,
    "mrr_at_100": 0.41894,
    "mrr_at_1000": 0.41939,
    "mrr_at_20": 0.41534,
    "mrr_at_3": 0.37709,
    "mrr_at_5": 0.39697,
    "ndcg_at_1": 0.2962,
    "ndcg_at_10": 0.46942,
    "ndcg_at_100": 0.5163,
    "ndcg_at_1000": 0.52927,
    "ndcg_at_20": 0.49004,
    "ndcg_at_3": 0.40334,
    "ndcg_at_5": 0.43922,
    "precision_at_1": 0.2962,
    "precision_at_10": 0.06589,
    "precision_at_100": 0.00882,
    "precision_at_1000": 0.00099,
    "precision_at_20": 0.037,
    "precision_at_3": 0.15976,
    "precision_at_5": 0.1133,
    "recall_at_1": 0.2962,
    "recall_at_10": 0.65889,
    "recall_at_100": 0.88212,
    "recall_at_1000": 0.98575,
    "recall_at_20": 0.74007,
    "recall_at_3": 0.47927,
    "recall_at_5": 0.56649
  }
}