{
  "dataset_revision": "d80d48c1eb48d3562165c59d59d0034df9fff0bf",
  "mteb_dataset_name": "MTOPDomainClassification",
  "mteb_version": "1.7.47",
  "test": {
    "evaluation_time": 7.33,
    "fr": {
      "accuracy": 0.8925148762918884,
      "accuracy_stderr": 0.008695949408731947,
      "f1": 0.8894427659513022,
      "f1_stderr": 0.009539980910187467,
      "main_score": 0.8925148762918884
    }
  }
}