{
  "test": {
    "evaluation_time": 14073.3,
    "v_measure": 0.3249323183712211,
    "v_measure_std": 0.13990530494307926
  }
}