{
    "dataset_version": null,
    "mteb_version": "0.0.2",
    "test": {
        "evaluation_time": 2355.53,
        "map_at_1": 0.18653666666666666,
        "map_at_10": 0.25606666666666666,
        "map_at_100": 0.26669333333333334,
        "map_at_1000": 0.26795833333333335,
        "map_at_3": 0.23434333333333332,
        "map_at_5": 0.24609666666666666,
        "ndcg_at_1": 0.22742083333333332,
        "ndcg_at_10": 0.29978333333333335,
        "ndcg_at_100": 0.3489808333333333,
        "ndcg_at_1000": 0.3780658333333333,
        "ndcg_at_3": 0.26223666666666673,
        "ndcg_at_5": 0.2791033333333333,
        "precision_at_1": 0.22742083333333332,
        "precision_at_10": 0.053970833333333336,
        "precision_at_100": 0.009340000000000001,
        "precision_at_1000": 0.0013691666666666663,
        "precision_at_3": 0.12331083333333331,
        "precision_at_5": 0.088055,
        "recall_at_1": 0.18653666666666666,
        "recall_at_10": 0.39226250000000007,
        "recall_at_100": 0.6131049999999999,
        "recall_at_1000": 0.8219058333333333,
        "recall_at_3": 0.28517333333333333,
        "recall_at_5": 0.329565
    },
    "mteb_dataset_name": "CQADupstackRetrieval"
}