{
    "test": {
        "evaluation_time": 230065.53,
        "map_at_1": 0.04672,
        "map_at_10": 0.10534,
        "map_at_100": 0.14798,
        "map_at_1000": 0.15927,
        "map_at_3": 0.07317,
        "map_at_5": 0.08726,
        "ndcg_at_1": 0.365,
        "ndcg_at_10": 0.26098,
        "ndcg_at_100": 0.29216,
        "ndcg_at_1000": 0.36255,
        "ndcg_at_3": 0.29247,
        "ndcg_at_5": 0.27692,
        "precision_at_1": 0.4725,
        "precision_at_10": 0.22625,
        "precision_at_100": 0.07042,
        "precision_at_1000": 0.01613,
        "precision_at_3": 0.34083,
        "precision_at_5": 0.295,
        "recall_at_1": 0.04672,
        "recall_at_10": 0.15638,
        "recall_at_100": 0.36228,
        "recall_at_1000": 0.58831,
        "recall_at_3": 0.08578,
        "recall_at_5": 0.1118
    },
    "dataset_version": null,
    "mteb_version": "0.0.2",
    "mteb_dataset_name": "DBPedia"
}