{
    "test": {
        "accuracy": 0.4991999999999999,
        "accuracy_stderr": 0.02547763725308922,
        "evaluation_time": 373.24,
        "f1": 0.4537973678791632,
        "f1_stderr": 0.02073194899629418,
        "main_score": 0.4991999999999999
    },
    "validation": {
        "accuracy": 0.48644999999999994,
        "accuracy_stderr": 0.01829815564476375,
        "evaluation_time": 373.95,
        "f1": 0.4530688946957529,
        "f1_stderr": 0.01965698779988723,
        "main_score": 0.48644999999999994
    },
    "dataset_version": null,
    "mteb_version": "0.0.2"
}