{
    "mteb_version": "0.0.2",
    "test": {
        "evaluation_time": 246741.31,
        "map_at_1": 0.25801,
        "map_at_10": 0.33941,
        "map_at_100": 0.3473,
        "map_at_1000": 0.34793,
        "map_at_3": 0.31705,
        "map_at_5": 0.33047,
        "ndcg_at_1": 0.27933,
        "ndcg_at_10": 0.38644,
        "ndcg_at_100": 0.42594,
        "ndcg_at_1000": 0.44352,
        "ndcg_at_3": 0.34199,
        "ndcg_at_5": 0.36573,
        "precision_at_1": 0.27933,
        "precision_at_10": 0.05603,
        "precision_at_100": 0.00773,
        "precision_at_1000": 0.00094,
        "precision_at_3": 0.14171,
        "precision_at_5": 0.09787,
        "recall_at_1": 0.25801,
        "recall_at_10": 0.50876,
        "recall_at_100": 0.69253,
        "recall_at_1000": 0.82907,
        "recall_at_3": 0.38879,
        "recall_at_5": 0.44652
    },
    "mteb_dataset_name": "FEVER",
    "dataset_revision": "1429cf27e393599b8b359b9b72c666f96b2525f9"
}