{
    "test": {
        "evaluation_time": 1014.28,
        "v_measure": 0.2801650210863619,
        "v_measure_std": 0.013471804192263579
    },
    "dataset_version": null,
    "mteb_version": "0.0.2"
}