{
  "test": {
    "evaluation_time": 2064.48,
    "v_measure": 0.30327566856300814,
    "v_measure_std": 0.014565856119651369
  }
}