{
    "test": {
        "evaluation_time": 2367.34,
        "map": 0.7753549990038017,
        "mrr": 0.9337474163454555
    },
    "validation": {
        "evaluation_time": 2366.91,
        "map": 0.7738073306420168,
        "mrr": 0.9282977077626664
    },
    "dataset_version": null,
    "mteb_version": "0.0.2",
    "mteb_dataset_name": "SciDocsRR"
}