{
    "test": {
        "cos_sim": {
            "pearson": 0.8481255514055894,
            "spearman": 0.8552171407629341
        },
        "euclidean": {
            "pearson": 0.8215024353784498,
            "spearman": 0.8304155334389832
        },
        "evaluation_time": 82.98,
        "manhattan": {
            "pearson": 0.8218598945053623,
            "spearman": 0.8307248357693301
        }
    },
    "mteb_version": "0.0.2",
    "mteb_dataset_name": "STS15",
    "dataset_revision": "1cd7298cac12a96a373b6a2f18738bb3e739a9b6"
}