{
    "test": {
        "evaluation_time": 7247.07,
        "map_at_1": 0.00195,
        "map_at_10": 0.01096,
        "map_at_100": 0.05726,
        "map_at_1000": 0.13612,
        "map_at_3": 0.00454,
        "map_at_5": 0.0067,
        "ndcg_at_1": 0.71,
        "ndcg_at_10": 0.55353,
        "ndcg_at_100": 0.40797,
        "ndcg_at_1000": 0.35956,
        "ndcg_at_3": 0.63263,
        "ndcg_at_5": 0.6014,
        "precision_at_1": 0.78,
        "precision_at_10": 0.57,
        "precision_at_100": 0.412,
        "precision_at_1000": 0.16154,
        "precision_at_3": 0.66667,
        "precision_at_5": 0.628,
        "recall_at_1": 0.00195,
        "recall_at_10": 0.01364,
        "recall_at_100": 0.09317,
        "recall_at_1000": 0.3363,
        "recall_at_3": 0.00493,
        "recall_at_5": 0.00756
    },
    "dataset_version": null,
    "mteb_version": "0.0.2"
}