{
    "test": {
        "cos_sim": {
            "accuracy": 0.8834943920518493,
            "accuracy_threshold": 0.6877362728118896,
            "ap": 0.8454288910204419,
            "f1": 0.7709709933923171,
            "f1_threshold": 0.656650185585022,
            "precision": 0.7483150952967607,
            "recall": 0.7950415768401602
        },
        "dot": {
            "accuracy": 0.8453448208949431,
            "accuracy_threshold": 1480.4658203125,
            "ap": 0.7396328242371994,
            "f1": 0.7000553786515299,
            "f1_threshold": 1279.038818359375,
            "precision": 0.6358777665995976,
            "recall": 0.7786418232214352
        },
        "euclidean": {
            "accuracy": 0.8687662514068382,
            "accuracy_threshold": 35.318275451660156,
            "ap": 0.8145499631520234,
            "f1": 0.7346567109816062,
            "f1_threshold": 38.331886291503906,
            "precision": 0.6971037533697381,
            "recall": 0.7764859870649831
        },
        "evaluation_time": 869.3,
        "manhattan": {
            "accuracy": 0.8688244654014825,
            "accuracy_threshold": 1796.454833984375,
            "ap": 0.8147180273946366,
            "f1": 0.7344624393136419,
            "f1_threshold": 1932.97412109375,
            "precision": 0.7080385852090032,
            "recall": 0.7629350169387127
        },
        "max": {
            "accuracy": 0.8834943920518493,
            "ap": 0.8454288910204419,
            "f1": 0.7709709933923171
        }
    },
    "mteb_version": "0.0.2",
    "mteb_dataset_name": "TwitterURLCorpus",
    "dataset_revision": "8b6510b0b1fa4e4c4f879467980e9be563ec1cdf"
}