{
  "dataset_revision": "5effa1b9b5fa3b0f9e12523e6e43e5f86a6e6d59",
  "mteb_dataset_name": "BSARDRetrieval",
  "mteb_version": "1.9.1",
  "test": {
    "evaluation_time": 192.99,
    "map_at_1": 0.09009,
    "map_at_10": 0.13337,
    "map_at_100": 0.14429,
    "map_at_1000": 0.14515,
    "map_at_20": 0.1399,
    "map_at_3": 0.11562,
    "map_at_5": 0.1253,
    "mrr_at_1": 0.09009,
    "mrr_at_10": 0.13352,
    "mrr_at_100": 0.14444,
    "mrr_at_1000": 0.1453,
    "mrr_at_20": 0.14005,
    "mrr_at_3": 0.11562,
    "mrr_at_5": 0.1262,
    "ndcg_at_1": 0.09009,
    "ndcg_at_10": 0.1612,
    "ndcg_at_100": 0.21881,
    "ndcg_at_1000": 0.24699,
    "ndcg_at_20": 0.18582,
    "ndcg_at_3": 0.12409,
    "ndcg_at_5": 0.14115,
    "precision_at_1": 0.09009,
    "precision_at_10": 0.02523,
    "precision_at_100": 0.00532,
    "precision_at_1000": 0.00077,
    "precision_at_20": 0.01757,
    "precision_at_3": 0.04955,
    "precision_at_5": 0.03784,
    "recall_at_1": 0.09009,
    "recall_at_10": 0.25225,
    "recall_at_100": 0.53153,
    "recall_at_1000": 0.76577,
    "recall_at_20": 0.35135,
    "recall_at_3": 0.14865,
    "recall_at_5": 0.18919
  }
}