{
    "test": {
        "cos_sim": {
            "pearson": 0.44939523948284393,
            "spearman": 0.502481328896023
        },
        "euclidean": {
            "pearson": 0.36273844621534546,
            "spearman": 0.39932837607637783
        },
        "manhattan": {
            "pearson": 0.36084014287755284,
            "spearman": 0.3971656761953843
        }
    },
    "dataset_version": null,
    "mteb_version": "0.0.2"
}