{
    "dataset_version": null,
    "mteb_version": "0.0.2",
    "test": {
        "evaluation_time": 10.32,
        "map_at_1": 0.07917,
        "map_at_10": 0.10597,
        "map_at_100": 0.11223,
        "map_at_1000": 0.11318,
        "map_at_3": 0.09766,
        "map_at_5": 0.10163,
        "ndcg_at_1": 0.08688,
        "ndcg_at_10": 0.12459,
        "ndcg_at_100": 0.15706,
        "ndcg_at_1000": 0.18709,
        "ndcg_at_3": 0.10642,
        "ndcg_at_5": 0.11408,
        "precision_at_1": 0.08688,
        "precision_at_10": 0.01959,
        "precision_at_100": 0.00375,
        "precision_at_1000": 0.00068,
        "precision_at_3": 0.04498,
        "precision_at_5": 0.03179,
        "recall_at_1": 0.07917,
        "recall_at_10": 0.17141,
        "recall_at_100": 0.32646,
        "recall_at_1000": 0.5625,
        "recall_at_3": 0.1215,
        "recall_at_5": 0.1403
    }
}