{
    "dataset_version": null,
    "mteb_version": "0.0.2",
    "test": {
        "evaluation_time": 7.85,
        "map_at_1": 0.07704,
        "map_at_10": 0.12287,
        "map_at_100": 0.1315,
        "map_at_1000": 0.13272,
        "map_at_3": 0.10755,
        "map_at_5": 0.11704,
        "ndcg_at_1": 0.09817,
        "ndcg_at_10": 0.15293,
        "ndcg_at_100": 0.20054,
        "ndcg_at_1000": 0.23327,
        "ndcg_at_3": 0.12437,
        "ndcg_at_5": 0.14064,
        "precision_at_1": 0.09817,
        "precision_at_10": 0.03002,
        "precision_at_100": 0.00635,
        "precision_at_1000": 0.00109,
        "precision_at_3": 0.06202,
        "precision_at_5": 0.04886,
        "recall_at_1": 0.07704,
        "recall_at_10": 0.21961,
        "recall_at_100": 0.44032,
        "recall_at_1000": 0.67384,
        "recall_at_3": 0.14318,
        "recall_at_5": 0.18329
    },
    "mteb_dataset_name": "CQADupstackProgrammersRetrieval"
}