{
    "test": {
        "accuracy": 0.3318,
        "accuracy_stderr": 0.021029978601986257,
        "evaluation_time": 11.23,
        "f1": 0.3018246919846804,
        "f1_stderr": 0.014856887819275601,
        "main_score": 0.3318
    },
    "mteb_version": "0.0.2",
    "mteb_dataset_name": "EmotionClassification",
    "dataset_revision": "829147f8f75a25f005913200eb5ed41fae320aa1"
}