{
    "dataset_version": null,
    "mteb_version": "0.0.2",
    "test": {
        "evaluation_time": 12.01,
        "map_at_1": 0.04327,
        "map_at_10": 0.07509,
        "map_at_100": 0.08255,
        "map_at_1000": 0.08408,
        "map_at_3": 0.06333,
        "map_at_5": 0.06847,
        "ndcg_at_1": 0.0787,
        "ndcg_at_10": 0.10488,
        "ndcg_at_100": 0.14683,
        "ndcg_at_1000": 0.18786,
        "ndcg_at_3": 0.08716,
        "ndcg_at_5": 0.09201,
        "precision_at_1": 0.0787,
        "precision_at_10": 0.03071,
        "precision_at_100": 0.00731,
        "precision_at_1000": 0.00142,
        "precision_at_3": 0.05916,
        "precision_at_5": 0.04506,
        "recall_at_1": 0.04327,
        "recall_at_10": 0.14067,
        "recall_at_100": 0.30801,
        "recall_at_1000": 0.57285,
        "recall_at_3": 0.08625,
        "recall_at_5": 0.10445
    },
    "mteb_dataset_name": "FiQA2018"
}