{
    "test": {
        "en": {
            "accuracy": 0.5721250840618696,
            "accuracy_stderr": 0.010203601337031193,
            "f1": 0.5410843810177802,
            "f1_stderr": 0.009442926482421312,
            "main_score": 0.5721250840618696
        },
        "evaluation_time": 15.98
    },
    "mteb_version": "0.0.2",
    "mteb_dataset_name": "MassiveIntentClassification",
    "dataset_revision": "072a486a144adf7f4479a4a0dddb2152e161e1ea"
}