{
    "test": {
        "cos_sim": {
            "accuracy": 0.9964653465346535,
            "accuracy_threshold": 0.8894756436347961,
            "ap": 0.8555090397855645,
            "f1": 0.8103896103896104,
            "f1_threshold": 0.8806538581848145,
            "precision": 0.8432432432432433,
            "recall": 0.78
        },
        "dot": {
            "accuracy": 0.9903762376237624,
            "accuracy_threshold": 10.75702953338623,
            "ap": 0.25210991469033767,
            "f1": 0.3176525384257103,
            "f1_threshold": 8.506962776184082,
            "precision": 0.2972972972972973,
            "recall": 0.341
        },
        "euclidean": {
            "accuracy": 0.9962673267326733,
            "accuracy_threshold": 1.3987889289855957,
            "ap": 0.8249439029969333,
            "f1": 0.7936507936507937,
            "f1_threshold": 1.3987889289855957,
            "precision": 0.8766626360338573,
            "recall": 0.725
        },
        "manhattan": {
            "accuracy": 0.9962574257425743,
            "accuracy_threshold": 19.19061851501465,
            "ap": 0.8248883861912972,
            "f1": 0.7923076923076923,
            "f1_threshold": 19.19061851501465,
            "precision": 0.8792682926829268,
            "recall": 0.721
        },
        "max": {
            "accuracy": 0.9964653465346535,
            "ap": 0.8555090397855645,
            "f1": 0.8103896103896104
        }
    },
    "validation": {
        "cos_sim": {
            "accuracy": 0.996039603960396,
            "accuracy_threshold": 0.9001673460006714,
            "ap": 0.830122898773937,
            "f1": 0.7817312798725438,
            "f1_threshold": 0.8854530453681946,
            "precision": 0.8335220838052095,
            "recall": 0.736
        },
        "dot": {
            "accuracy": 0.9902772277227723,
            "accuracy_threshold": 11.107449531555176,
            "ap": 0.22522491898130798,
            "f1": 0.30113141862489123,
            "f1_threshold": 8.49826717376709,
            "precision": 0.2665639445300462,
            "recall": 0.346
        },
        "euclidean": {
            "accuracy": 0.9958712871287129,
            "accuracy_threshold": 1.3452991247177124,
            "ap": 0.8092113569974708,
            "f1": 0.7702127659574468,
            "f1_threshold": 1.4299077987670898,
            "precision": 0.8227272727272728,
            "recall": 0.724
        },
        "manhattan": {
            "accuracy": 0.9958217821782178,
            "accuracy_threshold": 18.936840057373047,
            "ap": 0.8076932957969709,
            "f1": 0.7657754010695186,
            "f1_threshold": 19.696992874145508,
            "precision": 0.8229885057471265,
            "recall": 0.716
        },
        "max": {
            "accuracy": 0.996039603960396,
            "ap": 0.830122898773937,
            "f1": 0.7817312798725438
        }
    },
    "mteb_version": "0.0.2",
    "mteb_dataset_name": "SprintDuplicateQuestions",
    "dataset_revision": "5a8256d0dff9c4bd3be3ba3e67e4e70173f802ea"
}