{
    "test": {
        "cos_sim": {
            "pearson": 0.6071776055637599,
            "spearman": 0.5351287401411937
        },
        "euclidean": {
            "pearson": 0.5515586264219858,
            "spearman": 0.5061701922059254
        },
        "manhattan": {
            "pearson": 0.5512958981078617,
            "spearman": 0.506156255423425
        }
    },
    "dataset_version": null,
    "mteb_version": "0.0.2"
}