{
    "test": {
        "cos_sim": {
            "pearson": 0.6628723289487062,
            "spearman": 0.7080105270649192
        },
        "euclidean": {
            "pearson": 0.6317342776653745,
            "spearman": 0.6804978745416297
        },
        "manhattan": {
            "pearson": 0.6330797744195744,
            "spearman": 0.6815603387498501
        }
    },
    "dataset_version": null,
    "mteb_version": "0.0.2",
    "mteb_dataset_name": "STS13"
}