{
  "dataset_revision": "392ba3f5bcc8c51f578786c1fc3dae648662cb9b",
  "mteb_dataset_name": "AlloprofRetrieval",
  "mteb_version": "1.1.2.dev0",
  "test": {
    "evaluation_time": 383.9,
    "map_at_1": 0.00864,
    "map_at_10": 0.01528,
    "map_at_100": 0.01837,
    "map_at_1000": 0.01978,
    "map_at_3": 0.01223,
    "map_at_5": 0.01394,
    "mrr_at_1": 0.00864,
    "mrr_at_10": 0.01528,
    "mrr_at_100": 0.01837,
    "mrr_at_1000": 0.01978,
    "mrr_at_3": 0.01223,
    "mrr_at_5": 0.01394,
    "ndcg_at_1": 0.00864,
    "ndcg_at_10": 0.01977,
    "ndcg_at_100": 0.03888,
    "ndcg_at_1000": 0.09297,
    "ndcg_at_3": 0.01342,
    "ndcg_at_5": 0.01646,
    "precision_at_1": 0.00864,
    "precision_at_10": 0.00345,
    "precision_at_100": 0.00134,
    "precision_at_1000": 0.0006,
    "precision_at_3": 0.00561,
    "precision_at_5": 0.00484,
    "recall_at_1": 0.00864,
    "recall_at_10": 0.03454,
    "recall_at_100": 0.13385,
    "recall_at_1000": 0.59758,
    "recall_at_3": 0.01684,
    "recall_at_5": 0.02418
  }
}