{
  "dataset_revision": "8ccc72e69e65f40c70e117d8b3c08306bb788b60",
  "mteb_dataset_name": "MasakhaNEWSClassification",
  "mteb_version": "1.1.2.dev0",
  "test": {
    "evaluation_time": 181.83,
    "fra": {
      "accuracy": 0.6822274881516588,
      "accuracy_stderr": 0.04178216362286846,
      "f1": 0.6401871285420817,
      "f1_stderr": 0.04238096009408313,
      "main_score": 0.6822274881516588
    }
  }
}