{
  "dataset_revision": "c99d599f0a6ab9b85b065da6f9d94f9cf731679f",
  "evaluation_time": 9.915461540222168,
  "kg_co2_emissions": null,
  "mteb_version": "1.11.19",
  "scores": {
    "test": [
      {
        "hf_subset": "fra-fra",
        "languages": [
          "fra-Latn",
          "fra-Latn"
        ],
        "main_score": 0.68492,
        "map_at_1": 0.40225,
        "map_at_10": 0.61833,
        "map_at_100": 0.63204,
        "map_at_1000": 0.6327,
        "map_at_20": 0.6269,
        "map_at_3": 0.55593,
        "map_at_5": 0.59652,
        "mrr_at_1": 0.63284,
        "mrr_at_10": 0.71351,
        "mrr_at_100": 0.71772,
        "mrr_at_1000": 0.71786,
        "mrr_at_20": 0.71582,
        "mrr_at_3": 0.69381,
        "mrr_at_5": 0.70703,
        "ndcg_at_1": 0.63284,
        "ndcg_at_10": 0.68492,
        "ndcg_at_100": 0.72794,
        "ndcg_at_1000": 0.73736,
        "ndcg_at_20": 0.70393,
        "ndcg_at_3": 0.63278,
        "ndcg_at_5": 0.65192,
        "precision_at_1": 0.63284,
        "precision_at_10": 0.15661,
        "precision_at_100": 0.01935,
        "precision_at_1000": 0.00207,
        "precision_at_20": 0.08518,
        "precision_at_3": 0.38273,
        "precision_at_5": 0.27397,
        "recall_at_1": 0.40225,
        "recall_at_10": 0.7767,
        "recall_at_100": 0.93887,
        "recall_at_1000": 0.99706,
        "recall_at_20": 0.83587,
        "recall_at_3": 0.61133,
        "recall_at_5": 0.69789
      }
    ]
  },
  "task_name": "XPQARetrieval"
}