{
    "dataset_version": null,
    "mteb_version": "0.0.2",
    "test": {
        "evaluation_time": 6435.86,
        "map_at_1": 0.25534,
        "map_at_10": 0.33496,
        "map_at_100": 0.34697,
        "map_at_1000": 0.34805,
        "map_at_3": 0.3122,
        "map_at_5": 0.32277,
        "mrr_at_1": 0.29944,
        "mrr_at_10": 0.37723,
        "mrr_at_100": 0.38645,
        "mrr_at_1000": 0.38713,
        "mrr_at_3": 0.35665,
        "mrr_at_5": 0.36682,
        "ndcg_at_1": 0.29944,
        "ndcg_at_10": 0.38407,
        "ndcg_at_100": 0.43877,
        "ndcg_at_1000": 0.46312,
        "ndcg_at_3": 0.34211,
        "ndcg_at_5": 0.35761,
        "precision_at_1": 0.29944,
        "precision_at_10": 0.06343,
        "precision_at_100": 0.01023,
        "precision_at_1000": 0.00133,
        "precision_at_3": 0.15361,
        "precision_at_5": 0.10429,
        "recall_at_1": 0.25534,
        "recall_at_10": 0.49204,
        "recall_at_100": 0.72878,
        "recall_at_1000": 0.8995,
        "recall_at_3": 0.37533,
        "recall_at_5": 0.41611
    },
    "mteb_dataset_name": "CQADupstackUnixRetrieval"
}