{
    "dataset_version": null,
    "mteb_version": "0.0.2",
    "validation": {
        "evaluation_time": 80426.61,
        "map_at_1": 0.22044,
        "map_at_10": 0.34211,
        "map_at_100": 0.35394,
        "map_at_1000": 0.35443,
        "map_at_3": 0.30318,
        "map_at_5": 0.32535,
        "mrr_at_1": 0.22722,
        "mrr_at_10": 0.34842,
        "mrr_at_100": 0.35954,
        "mrr_at_1000": 0.35997,
        "mrr_at_3": 0.30991,
        "mrr_at_5": 0.332,
        "ndcg_at_1": 0.22722,
        "ndcg_at_10": 0.41121,
        "ndcg_at_100": 0.46841,
        "ndcg_at_1000": 0.48049,
        "ndcg_at_3": 0.33173,
        "ndcg_at_5": 0.37145,
        "precision_at_1": 0.22722,
        "precision_at_10": 0.06516,
        "precision_at_100": 0.0094,
        "precision_at_1000": 0.00104,
        "precision_at_3": 0.14093,
        "precision_at_5": 0.10473,
        "recall_at_1": 0.22044,
        "recall_at_10": 0.62382,
        "recall_at_100": 0.88914,
        "recall_at_1000": 0.98099,
        "recall_at_3": 0.40782,
        "recall_at_5": 0.50322
    },
    "mteb_dataset_name": "MSMARCO"
}