{
  "dataset_version": null,
  "mteb_version": "0.0.2",
  "test": {
    "de": {
      "accuracy": 0.8205409974640745,
      "accuracy_stderr": 0.015911596973329428,
      "f1": 0.8042814140324903,
      "f1_stderr": 0.016171453063738902,
      "main_score": 0.8205409974640745
    },
    "en": {
      "accuracy": 0.9368217054263563,
      "accuracy_stderr": 0.006678790074358937,
      "f1": 0.9325810075739522,
      "f1_stderr": 0.006963691710277573,
      "main_score": 0.9368217054263563
    },
    "es": {
      "accuracy": 0.9354903268845897,
      "accuracy_stderr": 0.006260192785498645,
      "f1": 0.9289098780779319,
      "f1_stderr": 0.006869210561833152,
      "main_score": 0.9354903268845897
    },
    "evaluation_time": 503.06,
    "fr": {
      "accuracy": 0.9098340119010334,
      "accuracy_stderr": 0.00855110014342389,
      "f1": 0.9051522537281314,
      "f1_stderr": 0.00800622422027837,
      "main_score": 0.9098340119010334
    },
    "hi": {
      "accuracy": 0.8933309429903191,
      "accuracy_stderr": 0.0077884935651735135,
      "f1": 0.8860371305209185,
      "f1_stderr": 0.007622625589756192,
      "main_score": 0.8933309429903191
    },
    "th": {
      "accuracy": 0.604882459312839,
      "accuracy_stderr": 0.026189668087952644,
      "f1": 0.5902590456131682,
      "f1_stderr": 0.021539161735414803,
      "main_score": 0.604882459312839
    }
  }
}