{
  "dataset_version": null,
  "mteb_version": "0.0.2",
  "test": {
    "cos_sim": {
      "pearson": 0.7942363892383264,
      "spearman": 0.7966529244176742
    },
    "euclidean": {
      "pearson": 0.7950429208135943,
      "spearman": 0.8044767586416276
    },
    "evaluation_time": 45.8,
    "manhattan": {
      "pearson": 0.7958563944997707,
      "spearman": 0.8051452267103
    }
  }
}