{
  "dataset_revision": "7d571f92784cd94a019292a1f45445077d0ef634",
  "mteb_dataset_name": "MassiveScenarioClassification",
  "mteb_version": "1.1.2.dev0",
  "test": {
    "evaluation_time": 4.22,
    "fr": {
      "accuracy": 0.678950907868191,
      "accuracy_stderr": 0.013931200089692352,
      "f1": 0.6799784896999377,
      "f1_stderr": 0.013507015697804235,
      "main_score": 0.678950907868191
    }
  }
}