{
  "dataset_revision": "5345895c56a601afe1a98519ce3199be60a27dba",
  "mteb_dataset_name": "DiaBLaBitextMining",
  "mteb_version": "1.1.2.dev0",
  "test": {
    "accuracy": 0.022268615170494086,
    "evaluation_time": 10.4,
    "f1": 0.019820282555146854,
    "main_score": 0.019820282555146854,
    "precision": 0.01899936209696126,
    "recall": 0.022268615170494086
  }
}