{
  "dataset_revision": "7d571f92784cd94a019292a1f45445077d0ef634",
  "mteb_dataset_name": "MassiveScenarioClassification",
  "mteb_version": "1.1.2.dev0",
  "test": {
    "evaluation_time": 3.27,
    "fr": {
      "accuracy": 0.2808338937457969,
      "accuracy_stderr": 0.02900504347634169,
      "f1": 0.2579586405111255,
      "f1_stderr": 0.0250777500389164,
      "main_score": 0.2808338937457969
    }
  }
}