{
  "dataset_revision": "6d1ba47164174a496b7fa5d3569dae26a6813b80",
  "mteb_dataset_name": "STS22",
  "mteb_version": "1.1.2.dev0",
  "test": {
    "evaluation_time": 1.17,
    "fr": {
      "cos_sim": {
        "pearson": 0.157785528450564,
        "spearman": 0.15548658230931622
      },
      "euclidean": {
        "pearson": 0.1564086152997558,
        "spearman": 0.15548658230931622
      },
      "manhattan": {
        "pearson": 0.16564220880712002,
        "spearman": 0.16060910567848377
      }
    }
  }
}