{
  "dataset_revision": "6d1ba47164174a496b7fa5d3569dae26a6813b80",
  "mteb_dataset_name": "STS22",
  "mteb_version": "1.1.2.dev0",
  "test": {
    "evaluation_time": 1.06,
    "fr": {
      "cos_sim": {
        "pearson": 0.7351380087971853,
        "spearman": 0.779542837388368
      },
      "euclidean": {
        "pearson": 0.7446350918244091,
        "spearman": 0.779542837388368
      },
      "manhattan": {
        "pearson": 0.741611642443369,
        "spearman": 0.77650808840858
      }
    }
  }
}