{
  "dataset_revision": "1399c76144fd37290681b995c656ef9b2e06e26d",
  "mteb_dataset_name": "AmazonReviewsClassification",
  "mteb_version": "1.1.2.dev0",
  "test": {
    "evaluation_time": 15.23,
    "fr": {
      "accuracy": 0.39677999999999997,
      "accuracy_stderr": 0.02447896239631083,
      "f1": 0.3783428597962726,
      "f1_stderr": 0.02328400120040176,
      "main_score": 0.39677999999999997
    }
  }
}