{
    "test": {
        "evaluation_time": 5.67,
        "map_at_1": 0.17354,
        "map_at_10": 0.29366,
        "map_at_100": 0.30591,
        "map_at_1000": 0.30646,
        "map_at_3": 0.25569,
        "map_at_5": 0.27553,
        "ndcg_at_1": 0.17354,
        "ndcg_at_10": 0.363,
        "ndcg_at_100": 0.42236,
        "ndcg_at_1000": 0.43674,
        "ndcg_at_3": 0.28279,
        "ndcg_at_5": 0.31854,
        "precision_at_1": 0.17354,
        "precision_at_10": 0.05868,
        "precision_at_100": 0.00863,
        "precision_at_1000": 0.00098,
        "precision_at_3": 0.12044,
        "precision_at_5": 0.08962,
        "recall_at_1": 0.17354,
        "recall_at_10": 0.58677,
        "recall_at_100": 0.86273,
        "recall_at_1000": 0.97582,
        "recall_at_3": 0.36131,
        "recall_at_5": 0.44808
    },
    "mteb_version": "0.0.2",
    "mteb_dataset_name": "ArguAna",
    "dataset_revision": "5b3e3697907184a9b77a3c99ee9ea1a9cbb1e4e3"
}