{
  "test": {
    "evaluation_time": 129.25,
    "v_measure": 0.3255904912728055,
    "v_measure_std": 0.14604871492250807
  }
}