{
    "test": {
        "evaluation_time": 2.92,
        "map": 0.4957211733829243,
        "mrr": 0.6286912456580046
    },
    "dataset_version": null,
    "mteb_version": "0.0.2"
}