{
    "dataset_version": null,
    "mteb_version": "0.0.2",
    "test": {
        "de-en": {
            "accuracy": 0.0017745302713987473,
            "f1": 0.0017745302713987473,
            "precision": 0.0017745302713987473,
            "recall": 0.0017745302713987473
        },
        "evaluation_time": 95.83,
        "fr-en": {
            "accuracy": 0.0018710103455866168,
            "f1": 0.0018710103455866168,
            "precision": 0.0018710103455866168,
            "recall": 0.0018710103455866168
        },
        "ru-en": {
            "accuracy": 0.0010391409767925182,
            "f1": 0.0010391409767925182,
            "precision": 0.0010391409767925182,
            "recall": 0.0010391409767925182
        },
        "zh-en": {
            "accuracy": 0.0,
            "f1": 0.0,
            "precision": 0.0,
            "recall": 0.0
        }
    }
}