{
    "test": {
        "evaluation_time": 972.65,
        "map_at_1": 0.05333,
        "map_at_10": 0.09333,
        "map_at_100": 0.10585,
        "map_at_1000": 0.10785,
        "map_at_3": 0.07472,
        "map_at_5": 0.08369,
        "ndcg_at_1": 0.12182,
        "ndcg_at_10": 0.14441,
        "ndcg_at_100": 0.20558,
        "ndcg_at_1000": 0.24789,
        "ndcg_at_3": 0.10729,
        "ndcg_at_5": 0.12012,
        "precision_at_1": 0.12182,
        "precision_at_10": 0.04873,
        "precision_at_100": 0.01137,
        "precision_at_1000": 0.00191,
        "precision_at_3": 0.081,
        "precision_at_5": 0.06684,
        "recall_at_1": 0.05333,
        "recall_at_10": 0.18708,
        "recall_at_100": 0.40461,
        "recall_at_1000": 0.64948,
        "recall_at_3": 0.09873,
        "recall_at_5": 0.13179
    },
    "dataset_version": null,
    "mteb_version": "0.0.2"
}