{
    "dataset_version": null,
    "mteb_version": "0.0.2",
    "test": {
        "evaluation_time": 9.96,
        "map_at_1": 0.06836,
        "map_at_10": 0.09439,
        "map_at_100": 0.10098,
        "map_at_1000": 0.10192,
        "map_at_3": 0.08584,
        "map_at_5": 0.08963,
        "ndcg_at_1": 0.07345,
        "ndcg_at_10": 0.1119,
        "ndcg_at_100": 0.14974,
        "ndcg_at_1000": 0.17899,
        "ndcg_at_3": 0.0938,
        "ndcg_at_5": 0.10027,
        "precision_at_1": 0.07345,
        "precision_at_10": 0.01831,
        "precision_at_100": 0.00397,
        "precision_at_1000": 0.00068,
        "precision_at_3": 0.04068,
        "precision_at_5": 0.02847,
        "recall_at_1": 0.06836,
        "recall_at_10": 0.15923,
        "recall_at_100": 0.34561,
        "recall_at_1000": 0.57641,
        "recall_at_3": 0.10866,
        "recall_at_5": 0.12335
    }
}