{
    "mteb_version": "0.0.2",
    "test": {
        "evaluation_time": 10.51,
        "map_at_1": 0.09045333333333333,
        "map_at_10": 0.1282825,
        "map_at_100": 0.1357825,
        "map_at_1000": 0.13686333333333334,
        "map_at_3": 0.11546999999999999,
        "map_at_5": 0.12221999999999998,
        "ndcg_at_1": 0.10875166666666666,
        "ndcg_at_10": 0.154745,
        "ndcg_at_100": 0.19394750000000002,
        "ndcg_at_1000": 0.22389333333333328,
        "ndcg_at_3": 0.1305,
        "ndcg_at_5": 0.140875,
        "precision_at_1": 0.10875166666666666,
        "precision_at_10": 0.028520833333333332,
        "precision_at_100": 0.005744999999999998,
        "precision_at_1000": 0.0009833333333333332,
        "precision_at_3": 0.06135249999999999,
        "precision_at_5": 0.044559999999999995,
        "recall_at_1": 0.09045333333333333,
        "recall_at_10": 0.2132175,
        "recall_at_100": 0.3951291666666667,
        "recall_at_1000": 0.6174125,
        "recall_at_3": 0.14438333333333334,
        "recall_at_5": 0.17144333333333334
    },
    "mteb_dataset_name": "CQADupstackRetrieval",
    "dataset_revision": "2b9f5791698b5be7bc5e10535c8690f20043c3db"
}