{
    "dataset_version": null,
    "mteb_version": "0.0.2",
    "test": {
        "evaluation_time": 7.92,
        "map_at_1": 0.09189,
        "map_at_10": 0.13084,
        "map_at_100": 0.13685,
        "map_at_1000": 0.13772,
        "map_at_3": 0.11714,
        "map_at_5": 0.12544,
        "ndcg_at_1": 0.11592,
        "ndcg_at_10": 0.15698,
        "ndcg_at_100": 0.18783,
        "ndcg_at_1000": 0.21208,
        "ndcg_at_3": 0.13315,
        "ndcg_at_5": 0.14559,
        "precision_at_1": 0.11592,
        "precision_at_10": 0.03025,
        "precision_at_100": 0.00561,
        "precision_at_1000": 0.00092,
        "precision_at_3": 0.06454,
        "precision_at_5": 0.04892,
        "recall_at_1": 0.09189,
        "recall_at_10": 0.20949,
        "recall_at_100": 0.34955,
        "recall_at_1000": 0.52339,
        "recall_at_3": 0.14394,
        "recall_at_5": 0.17541
    },
    "mteb_dataset_name": "CQADupstackEnglishRetrieval"
}