{
    "test": {
        "evaluation_time": 6.14,
        "v_measure": 0.20375267261606717,
        "v_measure_std": 0.015467245537030152
    },
    "dataset_version": null,
    "mteb_version": "0.0.2"
}