{
    "test": {
        "evaluation_time": 4.13,
        "map_at_1": 0.01587,
        "map_at_10": 0.03389,
        "map_at_100": 0.0451,
        "map_at_1000": 0.05529,
        "map_at_3": 0.02409,
        "map_at_5": 0.02806,
        "ndcg_at_1": 0.16718,
        "ndcg_at_10": 0.13871,
        "ndcg_at_100": 0.14168,
        "ndcg_at_1000": 0.24097,
        "ndcg_at_3": 0.15649,
        "ndcg_at_5": 0.14697,
        "precision_at_1": 0.18266,
        "precision_at_10": 0.10867,
        "precision_at_100": 0.04458,
        "precision_at_1000": 0.0173,
        "precision_at_3": 0.15583,
        "precision_at_5": 0.13313,
        "recall_at_1": 0.01587,
        "recall_at_10": 0.06674,
        "recall_at_100": 0.17681,
        "recall_at_1000": 0.52795,
        "recall_at_3": 0.02927,
        "recall_at_5": 0.03964
    },
    "dataset_version": null,
    "mteb_version": "0.0.2",
    "mteb_dataset_name": "NFCorpus"
}