{
    "test": {
        "cos_sim": {
            "pearson": 0.6217838525865157,
            "spearman": 0.6153556159874409
        },
        "euclidean": {
            "pearson": 0.5985260584962744,
            "spearman": 0.614717716361264
        },
        "evaluation_time": 1.62,
        "manhattan": {
            "pearson": 0.605306870508852,
            "spearman": 0.617694669552363
        }
    },
    "dataset_version": null,
    "mteb_version": "0.0.2"
}