{
    "test": {
        "cos_sim": {
            "pearson": 0.2911627405476681,
            "spearman": 0.2886781899399968
        },
        "dot": {
            "pearson": 0.21313494847216027,
            "spearman": 0.2178604987036128
        },
        "evaluation_time": 3.15
    },
    "dataset_version": null,
    "mteb_version": "0.0.2",
    "mteb_dataset_name": "SummEval"
}