{
    "test": {
        "evaluation_time": 29.82,
        "map_at_1": 0.00131,
        "map_at_10": 0.00718,
        "map_at_100": 0.02583,
        "map_at_1000": 0.05796,
        "map_at_3": 0.00353,
        "map_at_5": 0.00482,
        "ndcg_at_1": 0.45,
        "ndcg_at_10": 0.36219,
        "ndcg_at_100": 0.24142,
        "ndcg_at_1000": 0.21149,
        "ndcg_at_3": 0.45073,
        "ndcg_at_5": 0.41448,
        "precision_at_1": 0.5,
        "precision_at_10": 0.38,
        "precision_at_100": 0.2478,
        "precision_at_1000": 0.1033,
        "precision_at_3": 0.50667,
        "precision_at_5": 0.448,
        "recall_at_1": 0.00131,
        "recall_at_10": 0.00889,
        "recall_at_100": 0.05159,
        "recall_at_1000": 0.20429,
        "recall_at_3": 0.00382,
        "recall_at_5": 0.0054
    },
    "dataset_version": null,
    "mteb_version": "0.0.2"
}