{
  "dataset_revision": "5345895c56a601afe1a98519ce3199be60a27dba",
  "mteb_dataset_name": "DiaBLaBitextMining",
  "mteb_version": "1.1.2.dev0",
  "test": {
    "accuracy": 0.27122477383437715,
    "evaluation_time": 9.51,
    "f1": 0.24065143180487647,
    "main_score": 0.24065143180487647,
    "precision": 0.22814816195557322,
    "recall": 0.27122477383437715
  }
}