{
  "dataset_revision": "8ccc72e69e65f40c70e117d8b3c08306bb788b60",
  "mteb_dataset_name": "MasakhaNEWSClassification",
  "mteb_version": "1.1.3.dev0",
  "test": {
    "evaluation_time": 10.15,
    "fra": {
      "accuracy": 0.812085308056872,
      "accuracy_stderr": 0.009180744373369909,
      "f1": 0.7721514981293811,
      "f1_stderr": 0.012086618635371355,
      "main_score": 0.812085308056872
    }
  }
}