{
  "dataset_revision": "7d571f92784cd94a019292a1f45445077d0ef634",
  "mteb_dataset_name": "MassiveScenarioClassification",
  "mteb_version": "1.1.2.dev0",
  "test": {
    "evaluation_time": 4.34,
    "fr": {
      "accuracy": 0.5991930060524545,
      "accuracy_stderr": 0.021515635097195167,
      "f1": 0.5882978451275059,
      "f1_stderr": 0.019105568624210156,
      "main_score": 0.5991930060524545
    }
  }
}