{
  "dataset_revision": "31efe3c427b0bae9c22cbb560b8f15491cc6bed7",
  "mteb_dataset_name": "MassiveIntentClassification",
  "mteb_version": "1.1.2.dev0",
  "test": {
    "evaluation_time": 8.43,
    "fr": {
      "accuracy": 0.5113315400134499,
      "accuracy_stderr": 0.01614341616697602,
      "f1": 0.4884533274433444,
      "f1_stderr": 0.012980888753703776,
      "main_score": 0.5113315400134499
    }
  }
}