{
    "test": {
        "evaluation_time": 27.66,
        "map_at_1": 0.03734,
        "map_at_10": 0.07786,
        "map_at_100": 0.09703,
        "map_at_1000": 0.10853,
        "map_at_3": 0.05918,
        "map_at_5": 0.067,
        "ndcg_at_1": 0.30186,
        "ndcg_at_10": 0.2303,
        "ndcg_at_100": 0.21788,
        "ndcg_at_1000": 0.31006,
        "ndcg_at_3": 0.27178,
        "ndcg_at_5": 0.25061,
        "precision_at_1": 0.31579,
        "precision_at_10": 0.17121,
        "precision_at_100": 0.05721,
        "precision_at_1000": 0.01839,
        "precision_at_3": 0.25181,
        "precision_at_5": 0.21238,
        "recall_at_1": 0.03734,
        "recall_at_10": 0.10475,
        "recall_at_100": 0.22973,
        "recall_at_1000": 0.54609,
        "recall_at_3": 0.06806,
        "recall_at_5": 0.08015
    },
    "dataset_version": null,
    "mteb_version": "0.0.2"
}