{
    "test": {
        "evaluation_time": 149.41,
        "map_at_1": 0.03063,
        "map_at_10": 0.07183,
        "map_at_100": 0.08383,
        "map_at_1000": 0.08617,
        "map_at_3": 0.05343,
        "map_at_5": 0.06236,
        "ndcg_at_1": 0.149,
        "ndcg_at_10": 0.12677,
        "ndcg_at_100": 0.18177,
        "ndcg_at_1000": 0.23294,
        "ndcg_at_3": 0.12188,
        "ndcg_at_5": 0.10536,
        "precision_at_1": 0.149,
        "precision_at_10": 0.0653,
        "precision_at_100": 0.01463,
        "precision_at_1000": 0.0027,
        "precision_at_3": 0.11367,
        "precision_at_5": 0.0916,
        "recall_at_1": 0.03063,
        "recall_at_10": 0.13247,
        "recall_at_100": 0.29673,
        "recall_at_1000": 0.54833,
        "recall_at_3": 0.06928,
        "recall_at_5": 0.09303
    },
    "mteb_version": "0.0.2",
    "mteb_dataset_name": "SCIDOCS",
    "dataset_revision": "5c59ef3e437a0a9651c8fe6fde943e7dce59fba5"
}