{
    "test": {
        "cos_sim": {
            "pearson": 0.7562472426599542,
            "spearman": 0.7616628863742361
        },
        "euclidean": {
            "pearson": 0.763297128081315,
            "spearman": 0.7719385151966562
        },
        "evaluation_time": 3.17,
        "manhattan": {
            "pearson": 0.7650363291423257,
            "spearman": 0.7737081896355399
        }
    },
    "dataset_version": null,
    "mteb_version": "0.0.2",
    "mteb_dataset_name": "STS13"
}