{
  "dataset_revision": "392ba3f5bcc8c51f578786c1fc3dae648662cb9b",
  "mteb_dataset_name": "AlloprofRetrieval",
  "mteb_version": "1.1.2.dev0",
  "test": {
    "evaluation_time": 58.75,
    "map_at_1": 0.18869,
    "map_at_10": 0.28797,
    "map_at_100": 0.2996,
    "map_at_1000": 0.30037,
    "map_at_3": 0.25604,
    "map_at_5": 0.27336,
    "mrr_at_1": 0.18912,
    "mrr_at_10": 0.28819,
    "mrr_at_100": 0.29981,
    "mrr_at_1000": 0.30058,
    "mrr_at_3": 0.25626,
    "mrr_at_5": 0.27358,
    "ndcg_at_1": 0.18869,
    "ndcg_at_10": 0.34518,
    "ndcg_at_100": 0.40334,
    "ndcg_at_1000": 0.42431,
    "ndcg_at_3": 0.27841,
    "ndcg_at_5": 0.30957,
    "precision_at_1": 0.18869,
    "precision_at_10": 0.05294,
    "precision_at_100": 0.00806,
    "precision_at_1000": 0.00097,
    "precision_at_3": 0.11442,
    "precision_at_5": 0.08377,
    "recall_at_1": 0.18869,
    "recall_at_10": 0.52936,
    "recall_at_100": 0.8057,
    "recall_at_1000": 0.97193,
    "recall_at_3": 0.34326,
    "recall_at_5": 0.41883
  }
}