{
  "dataset_revision": "5effa1b9b5fa3b0f9e12523e6e43e5f86a6e6d59",
  "mteb_dataset_name": "BSARDRetrieval",
  "mteb_version": "1.9.1",
  "test": {
    "evaluation_time": 269.62,
    "map_at_1": 0.08108,
    "map_at_10": 0.12176,
    "map_at_100": 0.12939,
    "map_at_1000": 0.13041,
    "map_at_20": 0.12474,
    "map_at_3": 0.10435,
    "map_at_5": 0.11404,
    "mrr_at_1": 0.08108,
    "mrr_at_10": 0.12176,
    "mrr_at_100": 0.12939,
    "mrr_at_1000": 0.13041,
    "mrr_at_20": 0.12474,
    "mrr_at_3": 0.10435,
    "mrr_at_5": 0.11404,
    "ndcg_at_1": 0.08108,
    "ndcg_at_10": 0.14813,
    "ndcg_at_100": 0.19395,
    "ndcg_at_1000": 0.22358,
    "ndcg_at_20": 0.15859,
    "ndcg_at_3": 0.11224,
    "ndcg_at_5": 0.1293,
    "precision_at_1": 0.08108,
    "precision_at_10": 0.02342,
    "precision_at_100": 0.00468,
    "precision_at_1000": 0.00071,
    "precision_at_20": 0.01374,
    "precision_at_3": 0.04505,
    "precision_at_5": 0.03514,
    "recall_at_1": 0.08108,
    "recall_at_10": 0.23423,
    "recall_at_100": 0.46847,
    "recall_at_1000": 0.70721,
    "recall_at_20": 0.27477,
    "recall_at_3": 0.13514,
    "recall_at_5": 0.17568
  }
}