{
  "dataset_revision": "8ccc72e69e65f40c70e117d8b3c08306bb788b60",
  "mteb_dataset_name": "MasakhaNEWSClassification",
  "mteb_version": "1.1.2.dev0",
  "test": {
    "evaluation_time": 17.29,
    "fra": {
      "accuracy": 0.8037914691943128,
      "accuracy_stderr": 0.016513034493065716,
      "f1": 0.7683020274946275,
      "f1_stderr": 0.017329337786608407,
      "main_score": 0.8037914691943128
    }
  }
}