{
  "dataset_revision": "8ccc72e69e65f40c70e117d8b3c08306bb788b60",
  "mteb_dataset_name": "MasakhaNEWSClassification",
  "mteb_version": "1.1.2.dev0",
  "test": {
    "evaluation_time": 39.42,
    "fra": {
      "accuracy": 0.8258293838862558,
      "accuracy_stderr": 0.018085707965016296,
      "f1": 0.7883080505009324,
      "f1_stderr": 0.022628365803413528,
      "main_score": 0.8258293838862558
    }
  }
}