{
  "dataset_revision": "392ba3f5bcc8c51f578786c1fc3dae648662cb9b",
  "mteb_dataset_name": "AlloprofRetrieval",
  "mteb_version": "1.1.2.dev0",
  "test": {
    "evaluation_time": 22.35,
    "map_at_1": 0.22712,
    "map_at_10": 0.32557,
    "map_at_100": 0.33518,
    "map_at_1000": 0.33583,
    "map_at_3": 0.29462,
    "map_at_5": 0.31381,
    "mrr_at_1": 0.22712,
    "mrr_at_10": 0.32557,
    "mrr_at_100": 0.33518,
    "mrr_at_1000": 0.33583,
    "mrr_at_3": 0.29462,
    "mrr_at_5": 0.31381,
    "ndcg_at_1": 0.22712,
    "ndcg_at_10": 0.37982,
    "ndcg_at_100": 0.4294,
    "ndcg_at_1000": 0.44829,
    "ndcg_at_3": 0.31695,
    "ndcg_at_5": 0.3515,
    "precision_at_1": 0.22712,
    "precision_at_10": 0.05527,
    "precision_at_100": 0.00791,
    "precision_at_1000": 0.00094,
    "precision_at_3": 0.12723,
    "precision_at_5": 0.09309,
    "recall_at_1": 0.22712,
    "recall_at_10": 0.55268,
    "recall_at_100": 0.79059,
    "recall_at_1000": 0.94257,
    "recall_at_3": 0.38169,
    "recall_at_5": 0.46546
  }
}