{
  "dataset_revision": "ae001d0e6b1228650b7bd1c2c65fb50ad11a8aba",
  "mteb_dataset_name": "MTOPIntentClassification",
  "mteb_version": "1.1.2.dev0",
  "test": {
    "evaluation_time": 106.93,
    "fr": {
      "accuracy": 0.48077043532727837,
      "accuracy_stderr": 0.0403331940945491,
      "f1": 0.3423896936313129,
      "f1_stderr": 0.018518601074071956,
      "main_score": 0.48077043532727837
    }
  }
}