{
  "dataset_revision": "1399c76144fd37290681b995c656ef9b2e06e26d",
  "mteb_dataset_name": "AmazonReviewsClassification",
  "mteb_version": "1.1.3.dev0",
  "test": {
    "evaluation_time": 940.69,
    "fr": {
      "accuracy": 0.46196000000000004,
      "accuracy_stderr": 0.01573322598833437,
      "f1": 0.4481590192908585,
      "f1_stderr": 0.019899678586510934,
      "main_score": 0.46196000000000004
    }
  }
}