{
  "dataset_revision": "d80d48c1eb48d3562165c59d59d0034df9fff0bf",
  "mteb_dataset_name": "MTOPDomainClassification",
  "mteb_version": "1.1.2.dev0",
  "test": {
    "evaluation_time": 7.0,
    "fr": {
      "accuracy": 0.367710616974632,
      "accuracy_stderr": 0.041782095831945865,
      "f1": 0.3539275661115501,
      "f1_stderr": 0.027851590251890344,
      "main_score": 0.367710616974632
    }
  }
}