{
  "dataset_revision": "31efe3c427b0bae9c22cbb560b8f15491cc6bed7",
  "mteb_dataset_name": "MassiveIntentClassification",
  "mteb_version": "1.1.2.dev0",
  "test": {
    "evaluation_time": 7.26,
    "fr": {
      "accuracy": 0.6119031607262946,
      "accuracy_stderr": 0.02166582126256542,
      "f1": 0.5919230784416947,
      "f1_stderr": 0.01874516209558219,
      "main_score": 0.6119031607262946
    }
  }
}