{
  "dataset_revision": "efa78cc2f74bbcd21eff2261f9e13aebe40b814e",
  "mteb_dataset_name": "MintakaRetrieval",
  "mteb_version": "1.1.3.dev0",
  "test": {
    "evaluation_time": 6.07,
    "fr": {
      "map_at_1": 0.14251,
      "map_at_10": 0.21792,
      "map_at_100": 0.22819,
      "map_at_1000": 0.22918,
      "map_at_3": 0.19492,
      "map_at_5": 0.2067,
      "mrr_at_1": 0.14251,
      "mrr_at_10": 0.21792,
      "mrr_at_100": 0.22819,
      "mrr_at_1000": 0.22918,
      "mrr_at_3": 0.19492,
      "mrr_at_5": 0.2067,
      "ndcg_at_1": 0.14251,
      "ndcg_at_10": 0.26121,
      "ndcg_at_100": 0.31593,
      "ndcg_at_1000": 0.34786,
      "ndcg_at_3": 0.21265,
      "ndcg_at_5": 0.23397,
      "precision_at_1": 0.14251,
      "precision_at_10": 0.04005,
      "precision_at_100": 0.00667,
      "precision_at_1000": 0.00093,
      "precision_at_3": 0.08804,
      "precision_at_5": 0.06323,
      "recall_at_1": 0.14251,
      "recall_at_10": 0.40049,
      "recall_at_100": 0.66708,
      "recall_at_1000": 0.9312,
      "recall_at_3": 0.26413,
      "recall_at_5": 0.31613
    }
  }
}