{
  "dataset_revision": "ae001d0e6b1228650b7bd1c2c65fb50ad11a8aba",
  "mteb_dataset_name": "MTOPIntentClassification",
  "mteb_version": "1.1.2.dev0",
  "test": {
    "evaluation_time": 9.93,
    "fr": {
      "accuracy": 0.5398371437519573,
      "accuracy_stderr": 0.027408634515335997,
      "f1": 0.37454261019959884,
      "f1_stderr": 0.010575699294397473,
      "main_score": 0.5398371437519573
    }
  }
}