{
  "dataset_revision": "c99d599f0a6ab9b85b065da6f9d94f9cf731679f",
  "mteb_dataset_name": "XPQARetrieval",
  "mteb_version": "1.1.3.dev0",
  "test": {
    "evaluation_time": 2.44,
    "fr": {
      "map_at_1": 0.34924,
      "map_at_10": 0.53358,
      "map_at_100": 0.54991,
      "map_at_1000": 0.55075,
      "map_at_3": 0.48235,
      "map_at_5": 0.51387,
      "mrr_at_1": 0.55274,
      "mrr_at_10": 0.62863,
      "mrr_at_100": 0.63497,
      "mrr_at_1000": 0.63531,
      "mrr_at_3": 0.61393,
      "mrr_at_5": 0.62174,
      "ndcg_at_1": 0.55274,
      "ndcg_at_10": 0.5959,
      "ndcg_at_100": 0.65107,
      "ndcg_at_1000": 0.6672,
      "ndcg_at_3": 0.55384,
      "ndcg_at_5": 0.56459,
      "precision_at_1": 0.55274,
      "precision_at_10": 0.13672,
      "precision_at_100": 0.01834,
      "precision_at_1000": 0.00206,
      "precision_at_3": 0.332,
      "precision_at_5": 0.23525,
      "recall_at_1": 0.34924,
      "recall_at_10": 0.67746,
      "recall_at_100": 0.88863,
      "recall_at_1000": 0.99453,
      "recall_at_3": 0.54228,
      "recall_at_5": 0.60209
    }
  }
}