{
  "dataset_revision": "5effa1b9b5fa3b0f9e12523e6e43e5f86a6e6d59",
  "mteb_dataset_name": "BSARDRetrieval",
  "mteb_version": "1.7.56",
  "test": {
    "evaluation_time": 879.51,
    "map_at_1": 0.07207,
    "map_at_10": 0.12119,
    "map_at_100": 0.1298,
    "map_at_1000": 0.13076,
    "map_at_20": 0.12497,
    "map_at_3": 0.10586,
    "map_at_5": 0.11036,
    "mrr_at_1": 0.07207,
    "mrr_at_10": 0.12119,
    "mrr_at_100": 0.1298,
    "mrr_at_1000": 0.13076,
    "mrr_at_20": 0.12497,
    "mrr_at_3": 0.10586,
    "mrr_at_5": 0.11036,
    "ndcg_at_1": 0.07207,
    "ndcg_at_10": 0.15383,
    "ndcg_at_100": 0.20448,
    "ndcg_at_1000": 0.23464,
    "ndcg_at_20": 0.16755,
    "ndcg_at_3": 0.11899,
    "ndcg_at_5": 0.12675,
    "precision_at_1": 0.07207,
    "precision_at_10": 0.02613,
    "precision_at_100": 0.00518,
    "precision_at_1000": 0.00077,
    "precision_at_20": 0.01577,
    "precision_at_3": 0.05255,
    "precision_at_5": 0.03514,
    "recall_at_1": 0.07207,
    "recall_at_10": 0.26126,
    "recall_at_100": 0.51802,
    "recall_at_1000": 0.76577,
    "recall_at_20": 0.31532,
    "recall_at_3": 0.15766,
    "recall_at_5": 0.17568
  }
}