{
  "dataset_revision": "6d1ba47164174a496b7fa5d3569dae26a6813b80",
  "mteb_dataset_name": "STS22",
  "mteb_version": "1.1.2.dev0",
  "test": {
    "evaluation_time": 2.97,
    "fr": {
      "cos_sim": {
        "pearson": 0.49466204820313714,
        "spearman": 0.5515047105823337
      },
      "euclidean": {
        "pearson": 0.5443107569930546,
        "spearman": 0.5515047105823337
      },
      "manhattan": {
        "pearson": 0.5439813264915518,
        "spearman": 0.5528504113160717
      }
    }
  }
}