{
    "mteb_version": "0.0.2",
    "test": {
        "evaluation_time": 71.14,
        "map_at_1": 0.16287,
        "map_at_10": 0.27577,
        "map_at_100": 0.28818,
        "map_at_1000": 0.28873,
        "map_at_3": 0.23649,
        "map_at_5": 0.26006,
        "mrr_at_1": 0.16714,
        "mrr_at_10": 0.27733,
        "mrr_at_100": 0.28986,
        "mrr_at_1000": 0.2904,
        "mrr_at_3": 0.23826,
        "mrr_at_5": 0.26174,
        "ndcg_at_1": 0.16287,
        "ndcg_at_10": 0.34178,
        "ndcg_at_100": 0.4009,
        "ndcg_at_1000": 0.41654,
        "ndcg_at_3": 0.26118,
        "ndcg_at_5": 0.30352,
        "precision_at_1": 0.16287,
        "precision_at_10": 0.05541,
        "precision_at_100": 0.00827,
        "precision_at_1000": 0.00095,
        "precision_at_3": 0.11095,
        "precision_at_5": 0.08706,
        "recall_at_1": 0.16287,
        "recall_at_10": 0.55405,
        "recall_at_100": 0.82717,
        "recall_at_1000": 0.95306,
        "recall_at_3": 0.33286,
        "recall_at_5": 0.43528
    },
    "mteb_dataset_name": "ArguAna",
    "dataset_revision": "5b3e3697907184a9b77a3c99ee9ea1a9cbb1e4e3"
}