{
    "dataset_version": null,
    "mteb_version": "0.0.2",
    "test": {
        "evaluation_time": 166.8,
        "map_at_1": 0.12938,
        "map_at_10": 0.17988,
        "map_at_100": 0.18829,
        "map_at_1000": 0.1896,
        "map_at_3": 0.16355,
        "map_at_5": 0.17327,
        "mrr_at_1": 0.15205,
        "mrr_at_10": 0.20919,
        "mrr_at_100": 0.21683,
        "mrr_at_1000": 0.21783,
        "mrr_at_3": 0.19185,
        "mrr_at_5": 0.20207,
        "ndcg_at_1": 0.15205,
        "ndcg_at_10": 0.21336,
        "ndcg_at_100": 0.25868,
        "ndcg_at_1000": 0.29333,
        "ndcg_at_3": 0.18193,
        "ndcg_at_5": 0.19765,
        "precision_at_1": 0.15205,
        "precision_at_10": 0.03657,
        "precision_at_100": 0.00676,
        "precision_at_1000": 0.00109,
        "precision_at_3": 0.0824,
        "precision_at_5": 0.06045,
        "recall_at_1": 0.12938,
        "recall_at_10": 0.28721,
        "recall_at_100": 0.49688,
        "recall_at_1000": 0.75018,
        "recall_at_3": 0.20165,
        "recall_at_5": 0.24017
    },
    "mteb_dataset_name": "CQADupstackUnixRetrieval"
}