{
    "dataset_version": null,
    "mteb_version": "0.0.2",
    "test": {
        "af": {
            "accuracy": 0.5612306657700067,
            "accuracy_stderr": 0.013440186472898265,
            "f1": 0.5358216966086121,
            "f1_stderr": 0.010486904410670291,
            "main_score": 0.5612306657700067
        },
        "am": {
            "accuracy": 0.5570611970410222,
            "accuracy_stderr": 0.01174177926911691,
            "f1": 0.5244062979837288,
            "f1_stderr": 0.014436554287472555,
            "main_score": 0.5570611970410222
        },
        "ar": {
            "accuracy": 0.5085743106926699,
            "accuracy_stderr": 0.015479988139583763,
            "f1": 0.462722443097226,
            "f1_stderr": 0.012385569226408709,
            "main_score": 0.5085743106926699
        },
        "az": {
            "accuracy": 0.5897108271687961,
            "accuracy_stderr": 0.016129227599473647,
            "f1": 0.5620698514518965,
            "f1_stderr": 0.01545358922223129,
            "main_score": 0.5897108271687961
        },
        "bn": {
            "accuracy": 0.5822461331540014,
            "accuracy_stderr": 0.00960656161586536,
            "f1": 0.5570781405282086,
            "f1_stderr": 0.010470016821507137,
            "main_score": 0.5822461331540014
        },
        "cy": {
            "accuracy": 0.5015803631472765,
            "accuracy_stderr": 0.010658620761678627,
            "f1": 0.4649616640155205,
            "f1_stderr": 0.010521408267101212,
            "main_score": 0.5015803631472765
        },
        "da": {
            "accuracy": 0.5824815063887021,
            "accuracy_stderr": 0.01329436805671309,
            "f1": 0.5522587192541039,
            "f1_stderr": 0.015025445398245869,
            "main_score": 0.5824815063887021
        },
        "de": {
            "accuracy": 0.5621049092131809,
            "accuracy_stderr": 0.015696707929600026,
            "f1": 0.5267197009900415,
            "f1_stderr": 0.01390739006837515,
            "main_score": 0.5621049092131809
        },
        "el": {
            "accuracy": 0.5702757229320781,
            "accuracy_stderr": 0.016330692276732946,
            "f1": 0.5375952775846228,
            "f1_stderr": 0.01559077045432514,
            "main_score": 0.5702757229320781
        },
        "en": {
            "accuracy": 0.6145931405514458,
            "accuracy_stderr": 0.013490020856815716,
            "f1": 0.5925338353697315,
            "f1_stderr": 0.011508523303786091,
            "main_score": 0.6145931405514458
        },
        "es": {
            "accuracy": 0.5832212508406187,
            "accuracy_stderr": 0.00970148272385852,
            "f1": 0.5725073011599459,
            "f1_stderr": 0.011986458648242465,
            "main_score": 0.5832212508406187
        },
        "evaluation_time": 557.62,
        "fa": {
            "accuracy": 0.6233355749831876,
            "accuracy_stderr": 0.017493143766390443,
            "f1": 0.5950266489784709,
            "f1_stderr": 0.014875161031338064,
            "main_score": 0.6233355749831876
        },
        "fi": {
            "accuracy": 0.6012441156691325,
            "accuracy_stderr": 0.01758445721869734,
            "f1": 0.5757289757482428,
            "f1_stderr": 0.016792664887178142,
            "main_score": 0.6012441156691325
        },
        "fr": {
            "accuracy": 0.6046738399462004,
            "accuracy_stderr": 0.014049391807507904,
            "f1": 0.5843108706697745,
            "f1_stderr": 0.015868335599764864,
            "main_score": 0.6046738399462004
        },
        "he": {
            "accuracy": 0.56546738399462,
            "accuracy_stderr": 0.011801328473946665,
            "f1": 0.5306816954288663,
            "f1_stderr": 0.012434011710602471,
            "main_score": 0.56546738399462
        },
        "hi": {
            "accuracy": 0.5940147948890384,
            "accuracy_stderr": 0.010370604879406354,
            "f1": 0.5683809659220684,
            "f1_stderr": 0.01368488308932195,
            "main_score": 0.5940147948890384
        },
        "hu": {
            "accuracy": 0.5951916610625421,
            "accuracy_stderr": 0.011325551829228732,
            "f1": 0.5634840803786808,
            "f1_stderr": 0.014012032413505226,
            "main_score": 0.5951916610625421
        },
        "hy": {
            "accuracy": 0.562037659717552,
            "accuracy_stderr": 0.013929942089090338,
            "f1": 0.5313604649630413,
            "f1_stderr": 0.01408050114576085,
            "main_score": 0.562037659717552
        },
        "id": {
            "accuracy": 0.6112306657700067,
            "accuracy_stderr": 0.015025259100881967,
            "f1": 0.5877570455836887,
            "f1_stderr": 0.013840500555853834,
            "main_score": 0.6112306657700067
        },
        "is": {
            "accuracy": 0.5490248823133826,
            "accuracy_stderr": 0.01202224633391224,
            "f1": 0.5226105505369143,
            "f1_stderr": 0.015218166744086662,
            "main_score": 0.5490248823133826
        },
        "it": {
            "accuracy": 0.598285137861466,
            "accuracy_stderr": 0.010445396802049828,
            "f1": 0.5725168641613417,
            "f1_stderr": 0.012076955578834528,
            "main_score": 0.598285137861466
        },
        "ja": {
            "accuracy": 0.6311365164761265,
            "accuracy_stderr": 0.014717502568441695,
            "f1": 0.6094159906452462,
            "f1_stderr": 0.01124624417371721,
            "main_score": 0.6311365164761265
        },
        "jv": {
            "accuracy": 0.5097848016139879,
            "accuracy_stderr": 0.014019100583288223,
            "f1": 0.4822786745328559,
            "f1_stderr": 0.011893132974704962,
            "main_score": 0.5097848016139879
        },
        "ka": {
            "accuracy": 0.4834566240753194,
            "accuracy_stderr": 0.01633747570696889,
            "f1": 0.4639326870637087,
            "f1_stderr": 0.01247367254273298,
            "main_score": 0.4834566240753194
        },
        "km": {
            "accuracy": 0.4855413584398117,
            "accuracy_stderr": 0.017862939592922206,
            "f1": 0.4537848387287295,
            "f1_stderr": 0.009523794100206508,
            "main_score": 0.4855413584398117
        },
        "kn": {
            "accuracy": 0.562373907195696,
            "accuracy_stderr": 0.011027943352605016,
            "f1": 0.5291568802305611,
            "f1_stderr": 0.010643445803447104,
            "main_score": 0.562373907195696
        },
        "ko": {
            "accuracy": 0.6098520511096166,
            "accuracy_stderr": 0.012574082233649144,
            "f1": 0.5950151814064207,
            "f1_stderr": 0.012316004540479531,
            "main_score": 0.6098520511096166
        },
        "lv": {
            "accuracy": 0.5709818426361801,
            "accuracy_stderr": 0.015320086034823086,
            "f1": 0.5473663098355673,
            "f1_stderr": 0.01758522953532659,
            "main_score": 0.5709818426361801
        },
        "ml": {
            "accuracy": 0.5790854068594486,
            "accuracy_stderr": 0.012264324277117346,
            "f1": 0.5469417576260037,
            "f1_stderr": 0.016150220908837616,
            "main_score": 0.5790854068594486
        },
        "mn": {
            "accuracy": 0.5850369872225958,
            "accuracy_stderr": 0.014632329716333195,
            "f1": 0.5582753773432731,
            "f1_stderr": 0.01489691440397955,
            "main_score": 0.5850369872225958
        },
        "ms": {
            "accuracy": 0.5860121049092132,
            "accuracy_stderr": 0.01518245798426847,
            "f1": 0.5593631713341884,
            "f1_stderr": 0.01417879954692122,
            "main_score": 0.5860121049092132
        },