{
  "dataset_version": null,
  "mteb_version": "0.0.2",
  "test": {
    "evaluation_time": 226.15,
    "v_measure": 0.3013237255270192,
    "v_measure_std": 0.013926145821030527
  }
}