{
  "dataset_version": null,
  "mteb_version": "0.0.2",
  "test": {
    "evaluation_time": 1593.21,
    "v_measure": 0.4913514598727152,
    "v_measure_std": 0.11877475032646811
  }
}