{
  "dataset_version": null,
  "mteb_version": "0.0.2",
  "test": {
    "cos_sim": {
      "pearson": 0.2985673613463209,
      "spearman": 0.3105461567980347
    },
    "dot": {
      "pearson": 0.29856732005072295,
      "spearman": 0.3105461567980347
    },
    "evaluation_time": 16.55
  }
}