{
  "dataset_revision": "5345895c56a601afe1a98519ce3199be60a27dba",
  "mteb_dataset_name": "DiaBLaBitextMining",
  "mteb_version": "1.1.2.dev0",
  "test": {
    "evaluation_time": 22.93,
    "fr-en": {
      "accuracy": 0.016701461377870562,
      "f1": 0.009125460760132157,
      "main_score": 0.009125460760132157,
      "precision": 0.008096250379247143,
      "recall": 0.016701461377870562
    }
  }
}