{
  "dataset_revision": "8ccc72e69e65f40c70e117d8b3c08306bb788b60",
  "mteb_dataset_name": "MasakhaNEWSClassification",
  "mteb_version": "1.1.2.dev0",
  "test": {
    "evaluation_time": 48.23,
    "fra": {
      "accuracy": 0.5554502369668246,
      "accuracy_stderr": 0.04947104587943087,
      "f1": 0.5162208845039847,
      "f1_stderr": 0.04293541170947298,
      "main_score": 0.5554502369668246
    }
  }
}