{
  "dataset_revision": "d80d48c1eb48d3562165c59d59d0034df9fff0bf",
  "mteb_dataset_name": "MTOPDomainClassification",
  "mteb_version": "1.1.2.dev0",
  "test": {
    "evaluation_time": 7.11,
    "fr": {
      "accuracy": 0.24265580958346383,
      "accuracy_stderr": 0.041227055570932834,
      "f1": 0.17912947543618193,
      "f1_stderr": 0.03907917634862998,
      "main_score": 0.24265580958346383
    }
  }
}