{
  "dataset_revision": "9e9b1f8ef51616073f47f306f7f47dd91663f86a",
  "mteb_dataset_name": "OpusparcusPC",
  "mteb_version": "1.1.2.dev0",
  "test": {
    "evaluation_time": 2.93,
    "fr": {
      "cos_sim": {
        "accuracy": 0.9990069513406157,
        "accuracy_threshold": -0.26655458462880144,
        "ap": 1.0,
        "f1": 0.9995032290114257,
        "f1_threshold": -0.26655458462880144,
        "precision": 1.0,
        "recall": 0.9990069513406157
      },
      "dot": {
        "accuracy": 0.9990069513406157,
        "accuracy_threshold": -0.2665545777572196,
        "ap": 1.0,
        "f1": 0.9995032290114257,
        "f1_threshold": -0.2665545777572196,
        "precision": 1.0,
        "recall": 0.9990069513406157
      },
      "euclidean": {
        "accuracy": 0.9990069513406157,
        "accuracy_threshold": 1.5915693075535038,
        "ap": 1.0,
        "f1": 0.9995032290114257,
        "f1_threshold": 1.5915693075535038,
        "precision": 1.0,
        "recall": 0.9990069513406157
      },
      "manhattan": {
        "accuracy": 0.9990069513406157,
        "accuracy_threshold": 24.930014145948462,
        "ap": 1.0,
        "f1": 0.9995032290114257,
        "f1_threshold": 24.930014145948462,
        "precision": 1.0,
        "recall": 0.9990069513406157
      },
      "max": {
        "accuracy": 0.9990069513406157,
        "ap": 1.0,
        "f1": 0.9995032290114257
      }
    }
  }
}