{
  "dataset_revision": "e077ab4cf4774a1e36d86d593b150422fafd8e8a",
  "mteb_dataset_name": "SICKFr",
  "mteb_version": "1.1.2.dev0",
  "test": {
    "cos_sim": {
      "pearson": 0.15656950334602862,
      "spearman": 0.34604282286371624
    },
    "euclidean": {
      "pearson": 0.2803276366189712,
      "spearman": 0.3460426153859709
    },
    "evaluation_time": 9.95,
    "manhattan": {
      "pearson": 0.39184453518252166,
      "spearman": 0.44691214658898853
    }
  }
}