{
  "dataset_revision": "8ccc72e69e65f40c70e117d8b3c08306bb788b60",
  "mteb_dataset_name": "MasakhaNEWSClassification",
  "mteb_version": "1.1.2.dev0",
  "test": {
    "evaluation_time": 13.11,
    "fra": {
      "accuracy": 0.6398104265402844,
      "accuracy_stderr": 0.05490271263535386,
      "f1": 0.604076326885522,
      "f1_stderr": 0.0523364731319542,
      "main_score": 0.6398104265402844
    }
  }
}