{
  "dataset_revision": "7d571f92784cd94a019292a1f45445077d0ef634",
  "mteb_dataset_name": "MassiveScenarioClassification",
  "mteb_version": "1.1.2.dev0",
  "test": {
    "evaluation_time": 4.15,
    "fr": {
      "accuracy": 0.4446872898453262,
      "accuracy_stderr": 0.01621483519227473,
      "f1": 0.423186844345377,
      "f1_stderr": 0.015164949891176172,
      "main_score": 0.4446872898453262
    }
  }
}