{
  "dataset_revision": "e077ab4cf4774a1e36d86d593b150422fafd8e8a",
  "mteb_dataset_name": "SICKFr",
  "mteb_version": "1.1.2.dev0",
  "test": {
    "cos_sim": {
      "pearson": 0.6150448468163324,
      "spearman": 0.5877261140633706
    },
    "euclidean": {
      "pearson": 0.5912439476014202,
      "spearman": 0.5877258527969429
    },
    "evaluation_time": 4.98,
    "manhattan": {
      "pearson": 0.5912021209139425,
      "spearman": 0.5878363815108637
    }
  }
}