{
  "dataset_revision": "1399c76144fd37290681b995c656ef9b2e06e26d",
  "mteb_dataset_name": "AmazonReviewsClassification",
  "mteb_version": "1.1.2.dev0",
  "test": {
    "evaluation_time": 43.04,
    "fr": {
      "accuracy": 0.31168,
      "accuracy_stderr": 0.026353018802406675,
      "f1": 0.3035202976401487,
      "f1_stderr": 0.02672381764413179,
      "main_score": 0.31168
    }
  }
}