{
  "dataset_revision": "9e9b1f8ef51616073f47f306f7f47dd91663f86a",
  "mteb_dataset_name": "OpusparcusPC",
  "mteb_version": "1.1.2.dev0",
  "test": {
    "evaluation_time": 2.71,
    "fr": {
      "cos_sim": {
        "accuracy": 0.9990069513406157,
        "accuracy_threshold": 0.7238378298744433,
        "ap": 1.0,
        "f1": 0.9995032290114257,
        "f1_threshold": 0.7238378298744433,
        "precision": 1.0,
        "recall": 0.9990069513406157
      },
      "dot": {
        "accuracy": 0.9990069513406157,
        "accuracy_threshold": 0.7238378206429847,
        "ap": 1.0,
        "f1": 0.9995032290114257,
        "f1_threshold": 0.7238378206429847,
        "precision": 1.0,
        "recall": 0.9990069513406157
      },
      "euclidean": {
        "accuracy": 0.9990069513406157,
        "accuracy_threshold": 0.7431277631551312,
        "ap": 1.0,
        "f1": 0.9995032290114257,
        "f1_threshold": 0.7431277631551312,
        "precision": 1.0,
        "recall": 0.9990069513406157
      },
      "manhattan": {
        "accuracy": 0.9990069513406157,
        "accuracy_threshold": 17.526805073320475,
        "ap": 1.0,
        "f1": 0.9995032290114257,
        "f1_threshold": 17.526805073320475,
        "precision": 1.0,
        "recall": 0.9990069513406157
      },
      "max": {
        "accuracy": 0.9990069513406157,
        "ap": 1.0,
        "f1": 0.9995032290114257
      }
    }
  }
}