{
    "mteb_version": "0.0.2",
    "test": {
        "en": {
            "accuracy": 0.6932835820895522,
            "accuracy_stderr": 0.04898274617693545,
            "ap": 0.3215146833261545,
            "ap_stderr": 0.03230897717658606,
            "f1": 0.6338819980986146,
            "f1_stderr": 0.040359661625618166,
            "main_score": 0.6932835820895522
        },
        "evaluation_time": 10.03
    },
    "mteb_dataset_name": "AmazonCounterfactualClassification",
    "dataset_revision": "2d8a100785abf0ae21420d2a55b0c56e3e1ea996"
}