{
    "dataset_version": null,
    "mteb_version": "0.0.2",
    "test": {
        "evaluation_time": 11375.95,
        "map_at_1": 0.32829,
        "map_at_10": 0.45778,
        "map_at_100": 0.46582,
        "map_at_1000": 0.46652,
        "map_at_3": 0.43055,
        "map_at_5": 0.44695,
        "ndcg_at_1": 0.65658,
        "ndcg_at_10": 0.54926,
        "ndcg_at_100": 0.57989,
        "ndcg_at_1000": 0.59496,
        "ndcg_at_3": 0.50671,
        "ndcg_at_5": 0.52933,
        "precision_at_1": 0.65658,
        "precision_at_10": 0.11333,
        "precision_at_100": 0.01374,
        "precision_at_1000": 0.00158,
        "precision_at_3": 0.31456,
        "precision_at_5": 0.20659,
        "recall_at_1": 0.32829,
        "recall_at_10": 0.56664,
        "recall_at_100": 0.68683,
        "recall_at_1000": 0.78751,
        "recall_at_3": 0.47184,
        "recall_at_5": 0.51648
    }
}