{
  "test": {
    "evaluation_time": 39.25,
    "v_measure": 0.2513156119229876,
    "v_measure_std": 0.012367155188568199
  }
}