{
    "dev": {
        "evaluation_time": 21809.04,
        "map_at_1": 0.22007,
        "map_at_10": 0.34217,
        "map_at_100": 0.35449,
        "map_at_1000": 0.35495,
        "map_at_3": 0.30302,
        "map_at_5": 0.3255,
        "ndcg_at_1": 0.22665,
        "ndcg_at_10": 0.41159,
        "ndcg_at_100": 0.47041,
        "ndcg_at_1000": 0.48152,
        "ndcg_at_3": 0.332,
        "ndcg_at_5": 0.372,
        "precision_at_1": 0.22665,
        "precision_at_10": 0.06537,
        "precision_at_100": 0.00948,
        "precision_at_1000": 0.00104,
        "precision_at_3": 0.14164,
        "precision_at_5": 0.1053,
        "recall_at_1": 0.22007,
        "recall_at_10": 0.62516,
        "recall_at_100": 0.89613,
        "recall_at_1000": 0.98017,
        "recall_at_3": 0.40923,
        "recall_at_5": 0.50507
    },
    "mteb_version": "0.0.2",
    "test": {
        "evaluation_time": 19322.61,
        "map_at_1": 0.02293,
        "map_at_10": 0.14746,
        "map_at_100": 0.36103,
        "map_at_1000": 0.42862,
        "map_at_3": 0.06613,
        "map_at_5": 0.09531,
        "ndcg_at_1": 0.74419,
        "ndcg_at_10": 0.68745,
        "ndcg_at_100": 0.6048,
        "ndcg_at_1000": 0.67682,
        "ndcg_at_3": 0.72005,
        "ndcg_at_5": 0.71245,
        "precision_at_1": 0.93023,
        "precision_at_10": 0.77209,
        "precision_at_100": 0.35628,
        "precision_at_1000": 0.06556,
        "precision_at_3": 0.87597,
        "precision_at_5": 0.85581,
        "recall_at_1": 0.02293,
        "recall_at_10": 0.15753,
        "recall_at_100": 0.48008,
        "recall_at_1000": 0.73771,
        "recall_at_3": 0.06772,
        "recall_at_5": 0.09867
    },
    "mteb_dataset_name": "MSMARCO",
    "dataset_revision": "e6838a846e2408f22cf5cc337ebc83e0bcf77849"
}