{
    "test": {
        "cos_sim": {
            "accuracy": 0.997960396039604,
            "accuracy_threshold": 0.8219642043113708,
            "ap": 0.9454933848900439,
            "f1": 0.8967935871743486,
            "f1_threshold": 0.820462703704834,
            "precision": 0.8985943775100401,
            "recall": 0.895
        },
        "dot": {
            "accuracy": 0.997960396039604,
            "accuracy_threshold": 0.8219641447067261,
            "ap": 0.9454933848900441,
            "f1": 0.8967935871743486,
            "f1_threshold": 0.8204627633094788,
            "precision": 0.8985943775100401,
            "recall": 0.895
        },
        "euclidean": {
            "accuracy": 0.997960396039604,
            "accuracy_threshold": 0.596717357635498,
            "ap": 0.945493384890044,
            "f1": 0.8967935871743486,
            "f1_threshold": 0.5992283225059509,
            "precision": 0.8985943775100401,
            "recall": 0.895
        },
        "evaluation_time": 11.48,
        "manhattan": {
            "accuracy": 0.9979306930693069,
            "accuracy_threshold": 13.289129257202148,
            "ap": 0.9452019688650029,
            "f1": 0.8963807635101637,
            "f1_threshold": 13.34301471710205,
            "precision": 0.8888888888888888,
            "recall": 0.904
        },
        "max": {
            "accuracy": 0.997960396039604,
            "ap": 0.9454933848900441,
            "f1": 0.8967935871743486
        }
    },
    "dataset_version": null,
    "mteb_version": "0.0.2"
}