{
    "test": {
        "evaluation_time": 255.46,
        "v_measure": 0.6421338133178497,
        "v_measure_std": 0.048122638752667826
    },
    "dataset_version": null,
    "mteb_version": "0.0.2"
}