{
    "test": {
        "accuracy": 0.5602150537634408,
        "accuracy_stderr": 0.010283605517794947,
        "evaluation_time": 32.29,
        "f1": 0.5630529778288564,
        "f1_stderr": 0.010445112661516681,
        "main_score": 0.5602150537634408
    },
    "mteb_version": "0.0.2",
    "mteb_dataset_name": "TweetSentimentExtractionClassification",
    "dataset_revision": "62146448f05be9e52a36b8ee9936447ea787eede"
}