{
    "test": {
        "cos_sim": {
            "accuracy": 0.8866573524275235,
            "accuracy_threshold": 0.800679624080658,
            "ap": 0.8477048332956029,
            "f1": 0.7737385487858077,
            "f1_threshold": 0.7719563245773315,
            "precision": 0.7329201101928374,
            "recall": 0.819371727748691
        },
        "dot": {
            "accuracy": 0.8866573524275235,
            "accuracy_threshold": 0.8006796836853027,
            "ap": 0.8477047124323303,
            "f1": 0.7737385487858077,
            "f1_threshold": 0.7719563841819763,
            "precision": 0.7329201101928374,
            "recall": 0.819371727748691
        },
        "euclidean": {
            "accuracy": 0.8866573524275235,
            "accuracy_threshold": 0.6313799619674683,
            "ap": 0.8477045299031885,
            "f1": 0.7737385487858077,
            "f1_threshold": 0.6753424406051636,
            "precision": 0.7329201101928374,
            "recall": 0.819371727748691
        },
        "evaluation_time": 37.89,
        "manhattan": {
            "accuracy": 0.8866379477626422,
            "accuracy_threshold": 13.86162281036377,
            "ap": 0.8475078904725522,
            "f1": 0.7741025355459034,
            "f1_threshold": 14.698223114013672,
            "precision": 0.7474370922646785,
            "recall": 0.802740991684632
        },
        "max": {
            "accuracy": 0.8866573524275235,
            "ap": 0.8477048332956029,
            "f1": 0.7741025355459034
        }
    },
    "dataset_version": null,
    "mteb_version": "0.0.2"
}