{
  "dataset_revision": "80dc3040d19756742c9a18267ab30f54fb8e226b",
  "dev": {
    "eng_Latn-fra_Latn": {
      "accuracy": 0.9849548645937813,
      "f1": 0.9799398194583752,
      "main_score": 0.9799398194583752,
      "precision": 0.977432296890672,
      "recall": 0.9849548645937813
    },
    "evaluation_time": 98.69,
    "fra_Latn-eng_Latn": {
      "accuracy": 0.9939819458375125,
      "f1": 0.9919759277833501,
      "main_score": 0.9919759277833501,
      "precision": 0.9909729187562688,
      "recall": 0.9939819458375125
    }
  },
  "mteb_dataset_name": "FloresBitextMining",
  "mteb_version": "1.1.2.dev0"
}