{
  "dataset_revision": "7d571f92784cd94a019292a1f45445077d0ef634",
  "mteb_dataset_name": "MassiveScenarioClassification",
  "mteb_version": "1.1.2.dev0",
  "test": {
    "evaluation_time": 4.98,
    "fr": {
      "accuracy": 0.6246133154001345,
      "accuracy_stderr": 0.012414956326412168,
      "f1": 0.6171117099712246,
      "f1_stderr": 0.011825957859573993,
      "main_score": 0.6246133154001345
    }
  }
}