{
  "dataset_revision": "31efe3c427b0bae9c22cbb560b8f15491cc6bed7",
  "mteb_dataset_name": "MassiveIntentClassification",
  "mteb_version": "1.1.2.dev0",
  "test": {
    "evaluation_time": 331.75,
    "fr": {
      "accuracy": 0.5369872225958305,
      "accuracy_stderr": 0.01858448055130443,
      "f1": 0.5170442132756408,
      "f1_stderr": 0.015572407633288782,
      "main_score": 0.5369872225958305
    }
  }
}