{
  "dataset_revision": "efa78cc2f74bbcd21eff2261f9e13aebe40b814e",
  "mteb_dataset_name": "MintakaRetrieval",
  "mteb_version": "1.1.3.dev0",
  "test": {
    "evaluation_time": 82.89,
    "fr": {
      "map_at_1": 0.08108,
      "map_at_10": 0.12769,
      "map_at_100": 0.13374,
      "map_at_1000": 0.13537,
      "map_at_3": 0.11295,
      "map_at_5": 0.12008,
      "mrr_at_1": 0.08108,
      "mrr_at_10": 0.12769,
      "mrr_at_100": 0.13374,
      "mrr_at_1000": 0.13537,
      "mrr_at_3": 0.11295,
      "mrr_at_5": 0.12008,
      "ndcg_at_1": 0.08108,
      "ndcg_at_10": 0.15507,
      "ndcg_at_100": 0.18949,
      "ndcg_at_1000": 0.24788,
      "ndcg_at_3": 0.12358,
      "ndcg_at_5": 0.13649,
      "precision_at_1": 0.08108,
      "precision_at_10": 0.02437,
      "precision_at_100": 0.00417,
      "precision_at_1000": 0.00091,
      "precision_at_3": 0.05146,
      "precision_at_5": 0.03718,
      "recall_at_1": 0.08108,
      "recall_at_10": 0.24365,
      "recall_at_100": 0.41687,
      "recall_at_1000": 0.90827,
      "recall_at_3": 0.15438,
      "recall_at_5": 0.18591
    }
  }
}