{
    "dataset_version": null,
    "mteb_version": "0.0.2",
    "test": {
        "evaluation_time": 1798.61,
        "map_at_1": 0.2067566666666667,
        "map_at_10": 0.28479333333333334,
        "map_at_100": 0.29612249999999996,
        "map_at_1000": 0.29731166666666664,
        "map_at_3": 0.25884,
        "map_at_5": 0.27298916666666667,
        "mrr_at_1": 0.24402583333333333,
        "mrr_at_10": 0.3207041666666667,
        "mrr_at_100": 0.32958416666666673,
        "mrr_at_1000": 0.3302541666666666,
        "mrr_at_3": 0.29677749999999997,
        "mrr_at_5": 0.3102391666666667,
        "ndcg_at_1": 0.24402583333333333,
        "ndcg_at_10": 0.3332616666666667,
        "ndcg_at_100": 0.38515666666666665,
        "ndcg_at_1000": 0.4113791666666667,
        "ndcg_at_3": 0.28687749999999995,
        "ndcg_at_5": 0.3084766666666667,
        "precision_at_1": 0.24402583333333333,
        "precision_at_10": 0.05943749999999999,
        "precision_at_100": 0.010098333333333334,
        "precision_at_1000": 0.0014183333333333333,
        "precision_at_3": 0.132115,
        "precision_at_5": 0.09548416666666668,
        "recall_at_1": 0.2067566666666667,
        "recall_at_10": 0.4424558333333334,
        "recall_at_100": 0.6731116666666667,
        "recall_at_1000": 0.8587841666666666,
        "recall_at_3": 0.3149258333333333,
        "recall_at_5": 0.3693241666666667
    },
    "mteb_dataset_name": "CQADupstackRetrieval"
}