{
    "dataset_version": null,
    "mteb_version": "0.0.2",
    "test": {
        "evaluation_time": 310.86,
        "map_at_1": 0.13568,
        "map_at_10": 0.23264,
        "map_at_100": 0.24824,
        "map_at_1000": 0.25014,
        "map_at_3": 0.19724,
        "map_at_5": 0.21772,
        "mrr_at_1": 0.27315,
        "mrr_at_10": 0.35935,
        "mrr_at_100": 0.36929,
        "mrr_at_1000": 0.36985,
        "mrr_at_3": 0.33591,
        "mrr_at_5": 0.34848,
        "ndcg_at_1": 0.27315,
        "ndcg_at_10": 0.29988,
        "ndcg_at_100": 0.3641,
        "ndcg_at_1000": 0.40185,
        "ndcg_at_3": 0.26342,
        "ndcg_at_5": 0.2768,
        "precision_at_1": 0.27315,
        "precision_at_10": 0.08565,
        "precision_at_100": 0.01508,
        "precision_at_1000": 0.00219,
        "precision_at_3": 0.1785,
        "precision_at_5": 0.13673,
        "recall_at_1": 0.13568,
        "recall_at_10": 0.37133,
        "recall_at_100": 0.61475,
        "recall_at_1000": 0.84372,
        "recall_at_3": 0.24112,
        "recall_at_5": 0.29507
    },
    "mteb_dataset_name": "FiQA2018"
}