{
    "mteb_version": "0.0.2",
    "test": {
        "evaluation_time": 102.49,
        "map_at_1": 0.54567,
        "map_at_10": 0.63653,
        "map_at_100": 0.64282,
        "map_at_1000": 0.64311,
        "map_at_3": 0.60478,
        "map_at_5": 0.62322,
        "mrr_at_1": 0.57,
        "mrr_at_10": 0.64759,
        "mrr_at_100": 0.65274,
        "mrr_at_1000": 0.65301,
        "mrr_at_3": 0.62333,
        "mrr_at_5": 0.63817,
        "ndcg_at_1": 0.57,
        "ndcg_at_10": 0.68287,
        "ndcg_at_100": 0.70984,
        "ndcg_at_1000": 0.71695,
        "ndcg_at_3": 0.62656,
        "ndcg_at_5": 0.65523,
        "precision_at_1": 0.57,
        "precision_at_10": 0.09233,
        "precision_at_100": 0.01063,
        "precision_at_1000": 0.00112,
        "precision_at_3": 0.24222,
        "precision_at_5": 0.16333,
        "recall_at_1": 0.54567,
        "recall_at_10": 0.81456,
        "recall_at_100": 0.935,
        "recall_at_1000": 0.99,
        "recall_at_3": 0.66228,
        "recall_at_5": 0.73489
    },
    "mteb_dataset_name": "SciFact",
    "dataset_revision": "a75ae049398addde9b70f6b268875f5cbce99089"
}