{
  "dataset_version": null,
  "mteb_version": "0.0.2",
  "test": {
    "cos_sim": {
      "pearson": 0.7729330379162072,
      "spearman": 0.6722953551111448
    },
    "euclidean": {
      "pearson": 0.7144682700059415,
      "spearman": 0.6633178012153248
    },
    "evaluation_time": 52.38,
    "manhattan": {
      "pearson": 0.7146941734657887,
      "spearman": 0.6643234359835815
    }
  }
}