{
    "dataset_version": null,
    "mteb_version": "0.0.2",
    "test": {
        "cos_sim": {
            "pearson": 0.7540943196466576,
            "spearman": 0.6659241013465915
        },
        "euclidean": {
            "pearson": 0.7132500540796616,
            "spearman": 0.6786667467202591
        },
        "evaluation_time": 26.18,
        "manhattan": {
            "pearson": 0.7148209832089134,
            "spearman": 0.6794511626964879
        }
    },
    "mteb_dataset_name": "STS12"
}