{
  "dataset_version": null,
  "mteb_version": "0.0.2",
  "test": {
    "evaluation_time": 1503.97,
    "map_at_1": 0.025,
    "map_at_10": 0.09569,
    "map_at_100": 0.15653,
    "map_at_1000": 0.17188,
    "map_at_3": 0.05336,
    "map_at_5": 0.06522,
    "mrr_at_1": 0.34694,
    "mrr_at_10": 0.49184,
    "mrr_at_100": 0.50512,
    "mrr_at_1000": 0.50512,
    "mrr_at_3": 0.46259,
    "mrr_at_5": 0.48299,
    "ndcg_at_1": 0.30612,
    "ndcg_at_10": 0.2445,
    "ndcg_at_100": 0.35871,
    "ndcg_at_1000": 0.47273,
    "ndcg_at_3": 0.28528,
    "ndcg_at_5": 0.25768,
    "precision_at_1": 0.34694,
    "precision_at_10": 0.21429,
    "precision_at_100": 0.07265,
    "precision_at_1000": 0.01504,
    "precision_at_3": 0.29252,
    "precision_at_5": 0.24898,
    "recall_at_1": 0.025,
    "recall_at_10": 0.15844,
    "recall_at_100": 0.45469,
    "recall_at_1000": 0.81148,
    "recall_at_3": 0.06496,
    "recall_at_5": 0.0879
  }
}