{
    "dataset_version": null,
    "mteb_version": "0.0.2",
    "test": {
        "accuracy": 0.687272,
        "accuracy_stderr": 0.03348102292344127,
        "ap": 0.13156450706152686,
        "ap_stderr": 0.005960626601835911,
        "evaluation_time": 722.59,
        "f1": 0.5281470343706439,
        "f1_stderr": 0.01880416225488776,
        "main_score": 0.687272
    },
    "mteb_dataset_name": "ToxicConversationsClassification"
}