{
  "dataset_version": null,
  "mteb_version": "0.0.2",
  "test": {
    "evaluation_time": 810.57,
    "map_at_1": 0.00221,
    "map_at_10": 0.01723,
    "map_at_100": 0.09195,
    "map_at_1000": 0.21999,
    "map_at_3": 0.00648,
    "map_at_5": 0.00964,
    "mrr_at_1": 0.86,
    "mrr_at_10": 0.90667,
    "mrr_at_100": 0.90858,
    "mrr_at_1000": 0.90858,
    "mrr_at_3": 0.90667,
    "mrr_at_5": 0.90667,
    "ndcg_at_1": 0.82,
    "ndcg_at_10": 0.7298,
    "ndcg_at_100": 0.52868,
    "ndcg_at_1000": 0.46541,
    "ndcg_at_3": 0.80397,
    "ndcg_at_5": 0.76303,
    "precision_at_1": 0.86,
    "precision_at_10": 0.758,
    "precision_at_100": 0.535,
    "precision_at_1000": 0.20946,
    "precision_at_3": 0.85333,
    "precision_at_5": 0.792,
    "recall_at_1": 0.00221,
    "recall_at_10": 0.01911,
    "recall_at_100": 0.12437,
    "recall_at_1000": 0.43606,
    "recall_at_3": 0.00681,
    "recall_at_5": 0.01023
  }
}