{
  "dataset_revision": "8ccc72e69e65f40c70e117d8b3c08306bb788b60",
  "mteb_dataset_name": "MasakhaNEWSClassification",
  "mteb_version": "1.7.47",
  "test": {
    "evaluation_time": 152.55,
    "fra": {
      "accuracy": 0.7552132701421801,
      "accuracy_stderr": 0.02300043506170177,
      "f1": 0.7140268827814799,
      "f1_stderr": 0.022725214854876344,
      "main_score": 0.7552132701421801
    }
  }
}