{
  "dataset_revision": "ae001d0e6b1228650b7bd1c2c65fb50ad11a8aba",
  "mteb_dataset_name": "MTOPIntentClassification",
  "mteb_version": "1.7.47",
  "test": {
    "evaluation_time": 53.58,
    "fr": {
      "accuracy": 0.6147823363607892,
      "accuracy_stderr": 0.02220082505286225,
      "f1": 0.4325305178610936,
      "f1_stderr": 0.010756863699141937,
      "main_score": 0.6147823363607892
    }
  }
}