{
    "dataset_version": null,
    "mteb_version": "0.0.2",
    "test": {
        "evaluation_time": 477.21,
        "map_at_1": 0.27312,
        "map_at_10": 0.4262,
        "map_at_100": 0.43707,
        "map_at_1000": 0.43715,
        "map_at_3": 0.37624,
        "map_at_5": 0.40498,
        "mrr_at_1": 0.27667,
        "mrr_at_10": 0.42737,
        "mrr_at_100": 0.43823,
        "mrr_at_1000": 0.43831,
        "mrr_at_3": 0.37743,
        "mrr_at_5": 0.40616,
        "ndcg_at_1": 0.27312,
        "ndcg_at_10": 0.51375,
        "ndcg_at_100": 0.55778,
        "ndcg_at_1000": 0.55966,
        "ndcg_at_3": 0.41087,
        "ndcg_at_5": 0.46269,
        "precision_at_1": 0.27312,
        "precision_at_10": 0.07945,
        "precision_at_100": 0.00982,
        "precision_at_1000": 0.001,
        "precision_at_3": 0.17046,
        "precision_at_5": 0.12745,
        "recall_at_1": 0.27312,
        "recall_at_10": 0.79445,
        "recall_at_100": 0.98151,
        "recall_at_1000": 0.99573,
        "recall_at_3": 0.51138,
        "recall_at_5": 0.63727
    },
    "mteb_dataset_name": "ArguAna"
}