{
  "test": {
    "evaluation_time": 129.15,
    "map": 0.6162556869142777,
    "mrr": 0.7583256386580486
  }
}