{
  "dataset_version": null,
  "mteb_version": "0.0.2",
  "test": {
    "evaluation_time": 64566.91,
    "ndcg_at_1": 0.28013,
    "ndcg_at_3": 0.24658,
    "ndcg_at_5": 0.26671,
    "ndcg_at_10": 0.30484,
    "ndcg_at_100": 0.37527,
    "ndcg_at_1000": 0.4076
  }
}
