{
    "dataset_version": null,
    "mteb_version": "0.0.2",
    "test": {
        "evaluation_time": 3752.45,
        "ndcg_at_1": 0.37771,
        "ndcg_at_3": 0.41627,
        "ndcg_at_5": 0.43508,
        "ndcg_at_10": 0.4574,
        "ndcg_at_100": 0.50248,
        "ndcg_at_1000": 0.52138
    }
}
