{
  "dataset_version": null,
  "mteb_version": "0.0.2",
  "test": {
    "evaluation_time": 65579.31,
    "ndcg_at_1": 0.67822,
    "ndcg_at_3": 0.75169,
    "ndcg_at_5": 0.76872,
    "ndcg_at_10": 0.7827,
    "ndcg_at_100": 0.79588,
    "ndcg_at_1000": 0.79845
  }
}
