{
    "test": {
        "evaluation_time": 7887.18,
        "ndcg_at_1": 0.3534,
        "ndcg_at_3": 0.335,
        "ndcg_at_5": 0.34985,
        "ndcg_at_10": 0.372,
        "ndcg_at_100": 0.4385,
        "ndcg_at_1000": 0.47232
    },
    "dataset_version": null,
    "mteb_version": "0.0.2"
}
