{
  "dataset_version": null,
  "mteb_version": "0.0.2",
  "test": {
    "evaluation_time": 72941.42,
    "map": 0.32293531363866007,
    "mrr": 0.33536774455851687
  }
}