{
    "test": {
        "evaluation_time": 677.15,
        "ndcg_at_1": 0.44272,
        "ndcg_at_3": 0.40814,
        "ndcg_at_5": 0.39562,
        "ndcg_at_10": 0.36213,
        "ndcg_at_100": 0.33829,
        "ndcg_at_1000": 0.42555
    },
    "dataset_version": null,
    "mteb_version": "0.0.2"
}
