{
    "test": {
        "cos_sim": {
            "pearson": 0.7885850536483447,
            "spearman": 0.7916333501772059
        },
        "euclidean": {
            "pearson": 0.7274090561408476,
            "spearman": 0.7357374448302961
        },
        "evaluation_time": 43.53,
        "manhattan": {
            "pearson": 0.7292980654233225,
            "spearman": 0.7372777155112589
        }
    },
    "dataset_version": null,
    "mteb_version": "0.0.2",
    "mteb_dataset_name": "STS13"
}