{
    "test": {
        "accuracy": 0.67709,
        "accuracy_stderr": 0.052929278287163525,
        "ap": 0.13541535578501715,
        "ap_stderr": 0.009664239599244414,
        "evaluation_time": 29864.89,
        "f1": 0.525696199194468,
        "f1_stderr": 0.0301544898714517,
        "main_score": 0.13541535578501715
    },
    "mteb_version": "0.0.2",
    "mteb_dataset_name": "ToxicConversationsClassification",
    "dataset_revision": "edfaf9da55d3dd50d43143d90c1ac476895ae6de"
}