{
  "dataset_revision": "392ba3f5bcc8c51f578786c1fc3dae648662cb9b",
  "mteb_dataset_name": "AlloprofRetrieval",
  "mteb_version": "1.1.2.dev0",
  "test": {
    "evaluation_time": 16.84,
    "map_at_1": 0.17703,
    "map_at_10": 0.2567,
    "map_at_100": 0.26718,
    "map_at_1000": 0.26812,
    "map_at_3": 0.23035,
    "map_at_5": 0.24564,
    "mrr_at_1": 0.17703,
    "mrr_at_10": 0.2567,
    "mrr_at_100": 0.26718,
    "mrr_at_1000": 0.26812,
    "mrr_at_3": 0.23035,
    "mrr_at_5": 0.24564,
    "ndcg_at_1": 0.17703,
    "ndcg_at_10": 0.30229,
    "ndcg_at_100": 0.35601,
    "ndcg_at_1000": 0.38398,
    "ndcg_at_3": 0.24843,
    "ndcg_at_5": 0.27589,
    "precision_at_1": 0.17703,
    "precision_at_10": 0.04482,
    "precision_at_100": 0.00706,
    "precision_at_1000": 0.00093,
    "precision_at_3": 0.10032,
    "precision_at_5": 0.07349,
    "recall_at_1": 0.17703,
    "recall_at_10": 0.44819,
    "recall_at_100": 0.70596,
    "recall_at_1000": 0.93264,
    "recall_at_3": 0.30095,
    "recall_at_5": 0.36744
  }
}