{
  "dataset_revision": "75e7c6bf9d618062c5b42ad6d06e10494d2b3abb",
  "mteb_dataset_name": "AlloprofRetrieval",
  "mteb_version": "1.1.2.dev0",
  "test": {
    "evaluation_time": 39.09,
    "map_at_1": 0.18411,
    "map_at_10": 0.26539,
    "map_at_100": 0.27506,
    "map_at_1000": 0.27596,
    "map_at_3": 0.23958,
    "map_at_5": 0.25454,
    "mrr_at_1": 0.18411,
    "mrr_at_10": 0.26539,
    "mrr_at_100": 0.27506,
    "mrr_at_1000": 0.27596,
    "mrr_at_3": 0.23965,
    "mrr_at_5": 0.25453,
    "ndcg_at_1": 0.18411,
    "ndcg_at_10": 0.31134,
    "ndcg_at_100": 0.36218,
    "ndcg_at_1000": 0.38962,
    "ndcg_at_3": 0.25806,
    "ndcg_at_5": 0.28507,
    "precision_at_1": 0.18411,
    "precision_at_10": 0.04585,
    "precision_at_100": 0.00705,
    "precision_at_1000": 0.00093,
    "precision_at_3": 0.10389,
    "precision_at_5": 0.07547,
    "recall_at_1": 0.18411,
    "recall_at_10": 0.45855,
    "recall_at_100": 0.70544,
    "recall_at_1000": 0.92893,
    "recall_at_3": 0.31166,
    "recall_at_5": 0.37737
  }
}