{
  "dataset_revision": "5345895c56a601afe1a98519ce3199be60a27dba",
  "mteb_dataset_name": "DiaBLaBitextMining",
  "mteb_version": "1.1.2.dev0",
  "test": {
    "accuracy": 0.032185107863604734,
    "evaluation_time": 5.44,
    "f1": 0.025866001701074764,
    "main_score": 0.025866001701074764,
    "precision": 0.02344045133711104,
    "recall": 0.032185107863604734
  }
}