{
  "dataset_revision": "9e9b1f8ef51616073f47f306f7f47dd91663f86a",
  "mteb_dataset_name": "OpusparcusPC",
  "mteb_version": "1.1.3.dev0",
  "test.full": {
    "evaluation_time": 1.34,
    "fr": {
      "cos_sim": {
        "accuracy": 0.728882833787466,
        "accuracy_threshold": 0.36011616411839475,
        "ap": 0.8806670648536865,
        "f1": 0.8186932064041541,
        "f1_threshold": 0.2672554605567545,
        "precision": 0.7254601226993865,
        "recall": 0.9394240317775571
      },
      "dot": {
        "accuracy": 0.728882833787466,
        "accuracy_threshold": 0.3601161771935219,
        "ap": 0.8806670648536865,
        "f1": 0.8186932064041541,
        "f1_threshold": 0.2672554847732438,
        "precision": 0.7254601226993865,
        "recall": 0.9394240317775571
      },
      "euclidean": {
        "accuracy": 0.728882833787466,
        "accuracy_threshold": 1.131268189795159,
        "ap": 0.8806670648536865,
        "f1": 0.8186932064041541,
        "f1_threshold": 1.2105739162726166,
        "precision": 0.7254601226993865,
        "recall": 0.9394240317775571
      },
      "manhattan": {
        "accuracy": 0.7241144414168937,
        "accuracy_threshold": 17.564251248149958,
        "ap": 0.8787226415914219,
        "f1": 0.8176549264378066,
        "f1_threshold": 18.391891000866963,
        "precision": 0.7419093851132686,
        "recall": 0.9106256206554121
      },
      "max": {
        "accuracy": 0.728882833787466,
        "ap": 0.8806670648536865,
        "f1": 0.8186932064041541
      }
    }
  },
  "validation.full": {
    "evaluation_time": 1.4,
    "fr": {
      "cos_sim": {
        "accuracy": 0.7521367521367521,
        "accuracy_threshold": 0.33583658424503016,
        "ap": 0.8776887387170348,
        "f1": 0.8393351800554016,
        "f1_threshold": 0.3340570269407425,
        "precision": 0.7775876817792986,
        "recall": 0.9117352056168505
      },
      "dot": {
        "accuracy": 0.7521367521367521,
        "accuracy_threshold": 0.33583660040546137,
        "ap": 0.8776887387170348,
        "f1": 0.8393351800554016,
        "f1_threshold": 0.33405703259902664,
        "precision": 0.7775876817792986,
        "recall": 0.9117352056168505
      },
      "euclidean": {
        "accuracy": 0.7521367521367521,
        "accuracy_threshold": 1.152530645311578,
        "ap": 0.8776887387170348,
        "f1": 0.8393351800554016,
        "f1_threshold": 1.1540736091650723,
        "precision": 0.7775876817792986,
        "recall": 0.9117352056168505
      },
      "manhattan": {
        "accuracy": 0.7507122507122507,
        "accuracy_threshold": 17.818904227397525,
        "ap": 0.8784700107092804,
        "f1": 0.8390332877336981,
        "f1_threshold": 18.10973418120875,
        "precision": 0.7692307692307693,
        "recall": 0.9227683049147443
      },
      "max": {
        "accuracy": 0.7521367521367521,
        "ap": 0.8784700107092804,
        "f1": 0.8393351800554016
      }
    }
  }
}