{
  "dataset_revision": "93d57ef91790589e3ce9c365164337a8a78b7632",
  "mteb_dataset_name": "STSBenchmarkMultilingualSTS",
  "mteb_version": "1.1.2.dev0",
  "test": {
    "evaluation_time": 1.39,
    "fr": {
      "cos_sim": {
        "pearson": 0.6489895870345936,
        "spearman": 0.6384700996869166
      },
      "euclidean": {
        "pearson": 0.6414119120326592,
        "spearman": 0.6384700996869166
      },
      "manhattan": {
        "pearson": 0.6404544051732608,
        "spearman": 0.637276703353934
      }
    }
  }
}