{
  "dataset_revision": "5345895c56a601afe1a98519ce3199be60a27dba",
  "mteb_dataset_name": "DiaBLaBitextMining",
  "mteb_version": "1.1.2.dev0",
  "test": {
    "evaluation_time": 295.93,
    "fr-en": {
      "accuracy": 0.8582115518441197,
      "f1": 0.8324518195666728,
      "main_score": 0.8324518195666728,
      "precision": 0.8224421250191083,
      "recall": 0.8582115518441197
    }
  }
}