{
  "dataset_revision": "5345895c56a601afe1a98519ce3199be60a27dba",
  "mteb_dataset_name": "DiaBLaBitextMining",
  "mteb_version": "1.1.2.dev0",
  "test": {
    "accuracy": 0.7141614474599861,
    "evaluation_time": 297.05,
    "f1": 0.6862094325298919,
    "main_score": 0.6862094325298919,
    "precision": 0.673577973290917,
    "recall": 0.7141614474599861
  }
}