{
  "dataset_revision": "7d571f92784cd94a019292a1f45445077d0ef634",
  "mteb_dataset_name": "MassiveScenarioClassification",
  "mteb_version": "1.1.2.dev0",
  "test": {
    "evaluation_time": 95.63,
    "fr": {
      "accuracy": 0.6853059852051111,
      "accuracy_stderr": 0.015418661016383327,
      "f1": 0.6812572021569442,
      "f1_stderr": 0.014189310611148103,
      "main_score": 0.6853059852051111
    }
  }
}