{
  "dataset_revision": "8a04d940a42cd40658986fdd8e3da561533a3646",
  "mteb_dataset_name": "PawsX",
  "mteb_version": "1.1.3.dev0",
  "test": {
    "evaluation_time": 153.75,
    "fr": {
      "cos_sim": {
        "accuracy": 0.6375,
        "accuracy_threshold": 0.9896761878683247,
        "ap": 0.639782556744936,
        "f1": 0.6249550521395182,
        "f1_threshold": 0.9366077401079351,
        "precision": 0.4627263045793397,
        "recall": 0.9623477297895903
      },
      "dot": {
        "accuracy": 0.6375,
        "accuracy_threshold": 0.9896762716640957,
        "ap": 0.6393727802423629,
        "f1": 0.6249550521395182,
        "f1_threshold": 0.9366078190520339,
        "precision": 0.4627263045793397,
        "recall": 0.9623477297895903
      },
      "euclidean": {
        "accuracy": 0.6375,
        "accuracy_threshold": 0.1436928161879483,
        "ap": 0.639782556744936,
        "f1": 0.6249550521395182,
        "f1_threshold": 0.3560680219273512,
        "precision": 0.4627263045793397,
        "recall": 0.9623477297895903
      },
      "manhattan": {
        "accuracy": 0.635,
        "accuracy_threshold": 3.103621461821149,
        "ap": 0.6401497028537195,
        "f1": 0.6257352941176471,
        "f1_threshold": 7.188815265872336,
        "precision": 0.46835443037974683,
        "recall": 0.9424141749723145
      },
      "max": {
        "accuracy": 0.6375,
        "ap": 0.6401497028537195,
        "f1": 0.6257352941176471
      }
    }
  }
}