{
  "dataset_revision": "8ccc72e69e65f40c70e117d8b3c08306bb788b60",
  "mteb_dataset_name": "MasakhaNEWSClassification",
  "mteb_version": "1.1.2.dev0",
  "test": {
    "evaluation_time": 14.76,
    "fra": {
      "accuracy": 0.6552132701421801,
      "accuracy_stderr": 0.03853535238384599,
      "f1": 0.6162798005921148,
      "f1_stderr": 0.04504852126809478,
      "main_score": 0.6552132701421801
    }
  }
}