{
  "dataset_revision": "9e9b1f8ef51616073f47f306f7f47dd91663f86a",
  "mteb_dataset_name": "OpusparcusPC",
  "mteb_version": "1.1.3.dev0",
  "test.full": {
    "evaluation_time": 2.03,
    "fr": {
      "cos_sim": {
        "accuracy": 0.7057220708446866,
        "accuracy_threshold": 0.8324907694069628,
        "ap": 0.8342726180422799,
        "f1": 0.8172131147540984,
        "f1_threshold": 0.7491412921160573,
        "precision": 0.6957431960921144,
        "recall": 0.9900695134061569
      },
      "dot": {
        "accuracy": 0.7057220708446866,
        "accuracy_threshold": 0.8324907645849191,
        "ap": 0.8342726180422799,
        "f1": 0.8172131147540984,
        "f1_threshold": 0.7491412849145197,
        "precision": 0.6957431960921144,
        "recall": 0.9900695134061569
      },
      "euclidean": {
        "accuracy": 0.7057220708446866,
        "accuracy_threshold": 0.5788076088972776,
        "ap": 0.8342726180422799,
        "f1": 0.8172131147540984,
        "f1_threshold": 0.7083124418201889,
        "precision": 0.6957431960921144,
        "recall": 0.9900695134061569
      },
      "manhattan": {
        "accuracy": 0.7098092643051771,
        "accuracy_threshold": 11.24529250368414,
        "ap": 0.8408635842411065,
        "f1": 0.8179571663920923,
        "f1_threshold": 12.432126635196937,
        "precision": 0.6988036593947924,
        "recall": 0.9860973187686196
      },
      "max": {
        "accuracy": 0.7098092643051771,
        "ap": 0.8408635842411065,
        "f1": 0.8179571663920923
      }
    }
  },
  "validation.full": {
    "evaluation_time": 1.99,
    "fr": {
      "cos_sim": {
        "accuracy": 0.7321937321937322,
        "accuracy_threshold": 0.8517682858368542,
        "ap": 0.8601987158204568,
        "f1": 0.8323504633529906,
        "f1_threshold": 0.7507564344634623,
        "precision": 0.7175018155410312,
        "recall": 0.9909729187562688
      },
      "dot": {
        "accuracy": 0.7321937321937322,
        "accuracy_threshold": 0.8517682935533607,
        "ap": 0.8601987158204568,
        "f1": 0.8323504633529906,
        "f1_threshold": 0.7507564264888761,
        "precision": 0.7175018155410312,
        "recall": 0.9909729187562688
      },
      "euclidean": {
        "accuracy": 0.7321937321937322,
        "accuracy_threshold": 0.5444845478968323,
        "ap": 0.8601987158204568,
        "f1": 0.8323504633529906,
        "f1_threshold": 0.7060299508231833,
        "precision": 0.7175018155410312,
        "recall": 0.9909729187562688
      },
      "manhattan": {
        "accuracy": 0.7272079772079773,
        "accuracy_threshold": 10.920128418437116,
        "ap": 0.8697043194864258,
        "f1": 0.8322091062394603,
        "f1_threshold": 12.8140978805435,
        "precision": 0.7178181818181818,
        "recall": 0.9899699097291875
      },
      "max": {
        "accuracy": 0.7321937321937322,
        "ap": 0.8697043194864258,
        "f1": 0.8323504633529906
      }
    }
  }
}