{
  "dataset_revision": "31efe3c427b0bae9c22cbb560b8f15491cc6bed7",
  "mteb_dataset_name": "MassiveIntentClassification",
  "mteb_version": "1.1.2.dev0",
  "test": {
    "evaluation_time": 35.63,
    "fr": {
      "accuracy": 0.5940820443846672,
      "accuracy_stderr": 0.016164238510403273,
      "f1": 0.5729422830129519,
      "f1_stderr": 0.012621019620032863,
      "main_score": 0.5940820443846672
    }
  }
}