{
  "dataset_revision": "ae001d0e6b1228650b7bd1c2c65fb50ad11a8aba",
  "mteb_dataset_name": "MTOPIntentClassification",
  "mteb_version": "1.1.2.dev0",
  "test": {
    "evaluation_time": 52.03,
    "fr": {
      "accuracy": 0.6312245537112433,
      "accuracy_stderr": 0.019736749591194595,
      "f1": 0.4213547726321372,
      "f1_stderr": 0.008940217835903975,
      "main_score": 0.6312245537112433
    }
  }
}