{
  "dataset_revision": "8a04d940a42cd40658986fdd8e3da561533a3646",
  "mteb_dataset_name": "PawsX",
  "mteb_version": "1.1.3.dev0",
  "test": {
    "evaluation_time": 37.27,
    "fr": {
      "cos_sim": {
        "accuracy": 0.626,
        "accuracy_threshold": 0.9487823390994861,
        "ap": 0.6313386879959426,
        "f1": 0.6255201109570042,
        "f1_threshold": 0.6037375061682121,
        "precision": 0.45532559313478044,
        "recall": 0.9988925802879292
      },
      "dot": {
        "accuracy": 0.626,
        "accuracy_threshold": 0.948782395877299,
        "ap": 0.6319280819643985,
        "f1": 0.6255201109570042,
        "f1_threshold": 0.6037374986043813,
        "precision": 0.45532559313478044,
        "recall": 0.9988925802879292
      },
      "euclidean": {
        "accuracy": 0.626,
        "accuracy_threshold": 0.3200551925896419,
        "ap": 0.6313386879959426,
        "f1": 0.6255201109570042,
        "f1_threshold": 0.890235099975891,
        "precision": 0.45532559313478044,
        "recall": 0.9988925802879292
      },
      "manhattan": {
        "accuracy": 0.6255,
        "accuracy_threshold": 11.390975248164125,
        "ap": 0.6315405282886051,
        "f1": 0.6257370794311481,
        "f1_threshold": 31.207051197286944,
        "precision": 0.45555555555555555,
        "recall": 0.9988925802879292
      },
      "max": {
        "accuracy": 0.626,
        "ap": 0.6319280819643985,
        "f1": 0.6257370794311481
      }
    }
  }
}