{
  "dataset_revision": "77f7e271bf4a92b24fce5119f3486b583ca016ff",
  "mteb_dataset_name": "SyntecRetrieval",
  "mteb_version": "1.1.2.dev0",
  "test": {
    "evaluation_time": 4.32,
    "map_at_1": 0.55,
    "map_at_10": 0.68354,
    "map_at_100": 0.68782,
    "map_at_1000": 0.68782,
    "map_at_3": 0.66333,
    "map_at_5": 0.67833,
    "mrr_at_1": 0.55,
    "mrr_at_10": 0.68354,
    "mrr_at_100": 0.68782,
    "mrr_at_1000": 0.68782,
    "mrr_at_3": 0.66333,
    "mrr_at_5": 0.67833,
    "ndcg_at_1": 0.55,
    "ndcg_at_10": 0.74197,
    "ndcg_at_100": 0.7603,
    "ndcg_at_1000": 0.7603,
    "ndcg_at_3": 0.70333,
    "ndcg_at_5": 0.72917,
    "precision_at_1": 0.55,
    "precision_at_10": 0.092,
    "precision_at_100": 0.01,
    "precision_at_1000": 0.001,
    "precision_at_3": 0.27333,
    "precision_at_5": 0.176,
    "recall_at_1": 0.55,
    "recall_at_10": 0.92,
    "recall_at_100": 1.0,
    "recall_at_1000": 1.0,
    "recall_at_3": 0.82,
    "recall_at_5": 0.88
  }
}