{
  "dataset_revision": "8ccc72e69e65f40c70e117d8b3c08306bb788b60",
  "mteb_dataset_name": "MasakhaNEWSClassification",
  "mteb_version": "1.1.2.dev0",
  "test": {
    "evaluation_time": 13.88,
    "fra": {
      "accuracy": 0.7611374407582938,
      "accuracy_stderr": 0.026040486953205978,
      "f1": 0.7169938763670396,
      "f1_stderr": 0.026691169409945925,
      "main_score": 0.7611374407582938
    }
  }
}