{
  "dataset_revision": "392ba3f5bcc8c51f578786c1fc3dae648662cb9b",
  "mteb_dataset_name": "AlloprofRetrieval",
  "mteb_version": "1.1.2.dev0",
  "test": {
    "evaluation_time": 92.17,
    "map_at_1": 0.22841,
    "map_at_10": 0.32717,
    "map_at_100": 0.33756,
    "map_at_1000": 0.33829,
    "map_at_3": 0.29793,
    "map_at_5": 0.3138,
    "mrr_at_1": 0.22841,
    "mrr_at_10": 0.32717,
    "mrr_at_100": 0.33756,
    "mrr_at_1000": 0.33829,
    "mrr_at_3": 0.29793,
    "mrr_at_5": 0.3138,
    "ndcg_at_1": 0.22841,
    "ndcg_at_10": 0.38155,
    "ndcg_at_100": 0.43575,
    "ndcg_at_1000": 0.45599,
    "ndcg_at_3": 0.32076,
    "ndcg_at_5": 0.34956,
    "precision_at_1": 0.22841,
    "precision_at_10": 0.05553,
    "precision_at_100": 0.00817,
    "precision_at_1000": 0.00098,
    "precision_at_3": 0.12896,
    "precision_at_5": 0.09145,
    "recall_at_1": 0.22841,
    "recall_at_10": 0.55527,
    "recall_at_100": 0.81736,
    "recall_at_1000": 0.97884,
    "recall_at_3": 0.38687,
    "recall_at_5": 0.45725
  }
}