{
    "dataset_version": null,
    "mteb_version": "0.0.2",
    "test": {
        "evaluation_time": 309.81,
        "map_at_1": 0.04288,
        "map_at_10": 0.06631,
        "map_at_100": 0.07366,
        "map_at_1000": 0.07461,
        "map_at_3": 0.05692,
        "map_at_5": 0.06093,
        "ndcg_at_1": 0.04991,
        "ndcg_at_10": 0.08415,
        "ndcg_at_100": 0.12398,
        "ndcg_at_1000": 0.15571,
        "ndcg_at_3": 0.06349,
        "ndcg_at_5": 0.07068,
        "precision_at_1": 0.04991,
        "precision_at_10": 0.01571,
        "precision_at_100": 0.00373,
        "precision_at_1000": 0.00072,
        "precision_at_3": 0.02834,
        "precision_at_5": 0.02144,
        "recall_at_1": 0.04288,
        "recall_at_10": 0.13025,
        "recall_at_100": 0.32189,
        "recall_at_1000": 0.57428,
        "recall_at_3": 0.07252,
        "recall_at_5": 0.09039
    }
}