{
    "dataset_version": null,
    "mteb_version": "0.0.2",
    "test": {
        "evaluation_time": 86.25,
        "map_at_1": 0.07046,
        "map_at_10": 0.10877,
        "map_at_100": 0.11786,
        "map_at_1000": 0.1195,
        "map_at_3": 0.09347,
        "map_at_5": 0.10459,
        "ndcg_at_1": 0.09289,
        "ndcg_at_10": 0.13918,
        "ndcg_at_100": 0.18545,
        "ndcg_at_1000": 0.22825,
        "ndcg_at_3": 0.11432,
        "ndcg_at_5": 0.13115,
        "precision_at_1": 0.09289,
        "precision_at_10": 0.02964,
        "precision_at_100": 0.00755,
        "precision_at_1000": 0.00162,
        "precision_at_3": 0.05995,
        "precision_at_5": 0.0498,
        "recall_at_1": 0.07046,
        "recall_at_10": 0.19808,
        "recall_at_100": 0.41957,
        "recall_at_1000": 0.72932,
        "recall_at_3": 0.12365,
        "recall_at_5": 0.16753
    },
    "mteb_dataset_name": "CQADupstackWebmastersRetrieval"
}