{
    "dataset_version": null,
    "mteb_version": "0.0.2",
    "test": {
        "evaluation_time": 245.59,
        "map_at_1": 0.10617,
        "map_at_10": 0.15931,
        "map_at_100": 0.17042,
        "map_at_1000": 0.17186,
        "map_at_3": 0.14014,
        "map_at_5": 0.15149,
        "ndcg_at_1": 0.13763,
        "ndcg_at_10": 0.19709,
        "ndcg_at_100": 0.25342,
        "ndcg_at_1000": 0.28872,
        "ndcg_at_3": 0.16237,
        "ndcg_at_5": 0.17962,
        "precision_at_1": 0.13763,
        "precision_at_10": 0.03917,
        "precision_at_100": 0.0083,
        "precision_at_1000": 0.00136,
        "precision_at_3": 0.07956,
        "precision_at_5": 0.06083,
        "recall_at_1": 0.10617,
        "recall_at_10": 0.27858,
        "recall_at_100": 0.52889,
        "recall_at_1000": 0.77814,
        "recall_at_3": 0.17983,
        "recall_at_5": 0.22527
    },
    "mteb_dataset_name": "CQADupstackPhysicsRetrieval"
}