{
    "dataset_version": null,
    "dev": {
        "evaluation_time": 23155.45,
        "map_at_1": 0.04807,
        "map_at_10": 0.08611,
        "map_at_100": 0.09437,
        "map_at_1000": 0.09536,
        "map_at_3": 0.07253,
        "map_at_5": 0.07971,
        "ndcg_at_1": 0.04943,
        "ndcg_at_10": 0.11004,
        "ndcg_at_100": 0.15563,
        "ndcg_at_1000": 0.18604,
        "ndcg_at_3": 0.08126,
        "ndcg_at_5": 0.09435,
        "precision_at_1": 0.04943,
        "precision_at_10": 0.01924,
        "precision_at_100": 0.0043,
        "precision_at_1000": 0.00069,
        "precision_at_3": 0.03606,
        "precision_at_5": 0.02822,
        "recall_at_1": 0.04807,
        "recall_at_10": 0.18444,
        "recall_at_100": 0.40786,
        "recall_at_1000": 0.65325,
        "recall_at_3": 0.10443,
        "recall_at_5": 0.13621
    },
    "mteb_version": "0.0.2",
    "test": {
        "evaluation_time": 21015.03,
        "map_at_1": 0.009,
        "map_at_10": 0.03768,
        "map_at_100": 0.10414,
        "map_at_1000": 0.12949,
        "map_at_3": 0.01799,
        "map_at_5": 0.025,
        "ndcg_at_1": 0.29457,
        "ndcg_at_10": 0.25193,
        "ndcg_at_100": 0.23834,
        "ndcg_at_1000": 0.31763,
        "ndcg_at_3": 0.26169,
        "ndcg_at_5": 0.26796,
        "precision_at_1": 0.44186,
        "precision_at_10": 0.33023,
        "precision_at_100": 0.15488,
        "precision_at_1000": 0.0356,
        "precision_at_3": 0.37209,
        "precision_at_5": 0.3814,
        "recall_at_1": 0.009,
        "recall_at_10": 0.04943,
        "recall_at_100": 0.20562,
        "recall_at_1000": 0.41686,
        "recall_at_3": 0.01979,
        "recall_at_5": 0.02959
    },
    "mteb_dataset_name": "MSMARCO"
}