{
    "dataset_version": null,
    "mteb_version": "0.0.2",
    "test": {
        "en": {
            "accuracy": 0.8428636570907433,
            "accuracy_stderr": 0.008446893951930178,
            "f1": 0.8405590714261203,
            "f1_stderr": 0.007897311369608117,
            "main_score": 0.8428636570907433
        },
        "evaluation_time": 9.72
    }
}