{
    "mteb_version": "0.0.2",
    "test": {
        "evaluation_time": 34.21,
        "map_at_1": 0.00868,
        "map_at_10": 0.02457,
        "map_at_100": 0.03552,
        "map_at_1000": 0.0458,
        "map_at_3": 0.01697,
        "map_at_5": 0.02064,
        "ndcg_at_1": 0.15789,
        "ndcg_at_10": 0.12418,
        "ndcg_at_100": 0.12416,
        "ndcg_at_1000": 0.2263,
        "ndcg_at_3": 0.13827,
        "ndcg_at_5": 0.13174,
        "precision_at_1": 0.17028,
        "precision_at_10": 0.1031,
        "precision_at_100": 0.0409,
        "precision_at_1000": 0.01741,
        "precision_at_3": 0.13416,
        "precision_at_5": 0.12074,
        "recall_at_1": 0.00868,
        "recall_at_10": 0.05147,
        "recall_at_100": 0.15774,
        "recall_at_1000": 0.51655,
        "recall_at_3": 0.02585,
        "recall_at_5": 0.03688
    },
    "mteb_dataset_name": "NFCorpus",
    "dataset_revision": "7eb63cc0c1eb59324d709ebed25fcab851fa7610"
}