{
    "dataset_version": null,
    "mteb_version": "0.0.2",
    "test": {
        "evaluation_time": 178.1,
        "map_at_1": 0.01837,
        "map_at_10": 0.0405,
        "map_at_100": 0.04917,
        "map_at_1000": 0.05145,
        "map_at_3": 0.03069,
        "map_at_5": 0.03623,
        "ndcg_at_1": 0.089,
        "ndcg_at_10": 0.07534,
        "ndcg_at_100": 0.12041,
        "ndcg_at_1000": 0.17455,
        "ndcg_at_3": 0.07193,
        "ndcg_at_5": 0.06457,
        "precision_at_1": 0.089,
        "precision_at_10": 0.0381,
        "precision_at_100": 0.01049,
        "precision_at_1000": 0.00236,
        "precision_at_3": 0.06667,
        "precision_at_5": 0.0566,
        "recall_at_1": 0.01837,
        "recall_at_10": 0.07772,
        "recall_at_100": 0.21333,
        "recall_at_1000": 0.47978,
        "recall_at_3": 0.04087,
        "recall_at_5": 0.05792
    },
    "mteb_dataset_name": "SCIDOCS"
}