{
    "mteb_version": "0.0.2",
    "test": {
        "cos_sim": {
            "pearson": 0.8545577130751348,
            "spearman": 0.8077099458895838
        },
        "euclidean": {
            "pearson": 0.8004760738950937,
            "spearman": 0.7825582976166728
        },
        "evaluation_time": 6.52,
        "manhattan": {
            "pearson": 0.8015798668200542,
            "spearman": 0.7829069740395634
        }
    },
    "mteb_dataset_name": "SICK-R",
    "dataset_revision": "20a6d6f312dd54037fe07a32d58e5e168867909d"
}