{
  "dataset_revision": "d80d48c1eb48d3562165c59d59d0034df9fff0bf",
  "mteb_dataset_name": "MTOPDomainClassification",
  "mteb_version": "1.1.2.dev0",
  "test": {
    "evaluation_time": 3.42,
    "fr": {
      "accuracy": 0.43830253679924835,
      "accuracy_stderr": 0.03016518756747911,
      "f1": 0.40909594428285273,
      "f1_stderr": 0.027441440963720438,
      "main_score": 0.43830253679924835
    }
  }
}