{
    "dataset_version": null,
    "mteb_version": "0.0.2",
    "test": {
        "evaluation_time": 38.46,
        "map_at_1": 0.26837,
        "map_at_10": 0.35959,
        "map_at_100": 0.37172,
        "map_at_1000": 0.37241,
        "map_at_3": 0.33027,
        "map_at_5": 0.34699,
        "ndcg_at_1": 0.29379,
        "ndcg_at_10": 0.4131,
        "ndcg_at_100": 0.47058,
        "ndcg_at_1000": 0.48777,
        "ndcg_at_3": 0.35564,
        "ndcg_at_5": 0.38384,
        "precision_at_1": 0.29379,
        "precision_at_10": 0.06362,
        "precision_at_100": 0.0098,
        "precision_at_1000": 0.00117,
        "precision_at_3": 0.15028,
        "precision_at_5": 0.10667,
        "recall_at_1": 0.26837,
        "recall_at_10": 0.55667,
        "recall_at_100": 0.81843,
        "recall_at_1000": 0.94707,
        "recall_at_3": 0.40049,
        "recall_at_5": 0.4692
    },
    "mteb_dataset_name": "CQADupstackGisRetrieval"
}