{
    "dataset_version": null,
    "mteb_version": "0.0.2",
    "test": {
        "evaluation_time": 4611.46,
        "map_at_1": 0.34076,
        "map_at_10": 0.45482,
        "map_at_100": 0.46269,
        "map_at_1000": 0.46309,
        "map_at_3": 0.42614,
        "map_at_5": 0.44314,
        "ndcg_at_1": 0.36529,
        "ndcg_at_10": 0.51934,
        "ndcg_at_100": 0.55525,
        "ndcg_at_1000": 0.56568,
        "ndcg_at_3": 0.46169,
        "ndcg_at_5": 0.49163,
        "precision_at_1": 0.36529,
        "precision_at_10": 0.07565,
        "precision_at_100": 0.00947,
        "precision_at_1000": 0.00105,
        "precision_at_3": 0.19327,
        "precision_at_5": 0.1324,
        "recall_at_1": 0.34076,
        "recall_at_10": 0.69009,
        "recall_at_100": 0.85047,
        "recall_at_1000": 0.92962,
        "recall_at_3": 0.53446,
        "recall_at_5": 0.60622
    },
    "mteb_dataset_name": "FEVER"
}