{
    "test": {
        "accuracy": 0.606612,
        "accuracy_stderr": 0.03759032237158919,
        "ap": 0.5673559487964456,
        "ap_stderr": 0.028448982709204065,
        "evaluation_time": 466.16,
        "f1": 0.6039970244353384,
        "f1_stderr": 0.03886920405278559,
        "main_score": 0.606612
    },
    "dataset_version": null,
    "mteb_version": "0.0.2"
}