{
  "test": {
    "evaluation_time": 715.52,
    "map": 0.30798042020200267,
    "mrr": 0.3180326426340551
  }
}