{
    "dataset_version": null,
    "mteb_version": "0.0.2",
    "test": {
        "evaluation_time": 8.06,
        "map_at_1": 0.04323,
        "map_at_10": 0.11048,
        "map_at_100": 0.14244,
        "map_at_1000": 0.15684,
        "map_at_3": 0.07722,
        "map_at_5": 0.09231,
        "ndcg_at_1": 0.39474,
        "ndcg_at_10": 0.31594,
        "ndcg_at_100": 0.29455,
        "ndcg_at_1000": 0.38283,
        "ndcg_at_3": 0.36355,
        "ndcg_at_5": 0.34164,
        "precision_at_1": 0.41486,
        "precision_at_10": 0.24334,
        "precision_at_100": 0.07981,
        "precision_at_1000": 0.02096,
        "precision_at_3": 0.34881,
        "precision_at_5": 0.30279,
        "recall_at_1": 0.04323,
        "recall_at_10": 0.15499,
        "recall_at_100": 0.31151,
        "recall_at_1000": 0.63211,
        "recall_at_3": 0.09053,
        "recall_at_5": 0.11959
    }
}