{
    "test": {
        "cos_sim": {
            "pearson": 0.8080137749134274,
            "spearman": 0.7558912800301661
        },
        "euclidean": {
            "pearson": 0.7889739732785548,
            "spearman": 0.7558912800301661
        },
        "manhattan": {
            "pearson": 0.7888130916509184,
            "spearman": 0.7556512617108155
        }
    },
    "mteb_version": "0.0.2",
    "mteb_dataset_name": "STS14",
    "dataset_revision": "e2125984e7df8b7871f6ae9949cf6b6795e7c54b"
}