{
    "test": {
        "v_measure": 0.4686027142764777,
        "v_measure_std": 0.011753340273082329
    },
    "dataset_version": null,
    "mteb_version": "0.0.2"
}