{
    "mteb_version": "0.0.2",
    "test": {
        "accuracy": 0.7391512500000001,
        "accuracy_stderr": 0.035984490482880264,
        "ap": 0.6828882767823975,
        "ap_stderr": 0.03226215232630223,
        "evaluation_time": 2767.14,
        "f1": 0.7374884135499038,
        "f1_stderr": 0.037660311989355585,
        "main_score": 0.7391512500000001
    },
    "mteb_dataset_name": "AmazonPolarityClassification",
    "dataset_revision": "80714f8dcf8cefc218ef4f8c5a966dd83f75a0e1"
}