{
    "dataset_version": null,
    "mteb_version": "0.0.2",
    "test": {
        "evaluation_time": 518.56,
        "map_at_1": 0.25277,
        "map_at_10": 0.33258,
        "map_at_100": 0.34652,
        "map_at_1000": 0.34762,
        "map_at_3": 0.30504,
        "map_at_5": 0.32064,
        "mrr_at_1": 0.29836,
        "mrr_at_10": 0.38277,
        "mrr_at_100": 0.39288,
        "mrr_at_1000": 0.39339,
        "mrr_at_3": 0.35707,
        "mrr_at_5": 0.37243,
        "ndcg_at_1": 0.29836,
        "ndcg_at_10": 0.38475,
        "ndcg_at_100": 0.44407,
        "ndcg_at_1000": 0.46702,
        "ndcg_at_3": 0.33745,
        "ndcg_at_5": 0.36097,
        "precision_at_1": 0.29836,
        "precision_at_10": 0.06843,
        "precision_at_100": 0.01154,
        "precision_at_1000": 0.00152,
        "precision_at_3": 0.15528,
        "precision_at_5": 0.11222,
        "recall_at_1": 0.25277,
        "recall_at_10": 0.49006,
        "recall_at_100": 0.73845,
        "recall_at_1000": 0.89443,
        "recall_at_3": 0.36164,
        "recall_at_5": 0.41998
    },
    "mteb_dataset_name": "CQADupstackPhysicsRetrieval"
}