{
  "dataset_version": null,
  "mteb_version": "0.0.2",
  "test": {
    "evaluation_time": 2909.89,
    "map_at_1": 0.08125,
    "map_at_10": 0.18681,
    "map_at_100": 0.25831,
    "map_at_1000": 0.27335,
    "map_at_3": 0.13561,
    "map_at_5": 0.15745,
    "mrr_at_1": 0.625,
    "mrr_at_10": 0.71988,
    "mrr_at_100": 0.72332,
    "mrr_at_1000": 0.72347,
    "mrr_at_3": 0.70417,
    "mrr_at_5": 0.71292,
    "ndcg_at_1": 0.5075,
    "ndcg_at_10": 0.39552,
    "ndcg_at_100": 0.43311,
    "ndcg_at_1000": 0.50129,
    "ndcg_at_3": 0.44575,
    "ndcg_at_5": 0.41731,
    "precision_at_1": 0.625,
    "precision_at_10": 0.315,
    "precision_at_100": 0.09688,
    "precision_at_1000": 0.02038,
    "precision_at_3": 0.48083,
    "precision_at_5": 0.404,
    "recall_at_1": 0.08125,
    "recall_at_10": 0.24109,
    "recall_at_100": 0.48905,
    "recall_at_1000": 0.70361,
    "recall_at_3": 0.15219,
    "recall_at_5": 0.18505
  }
}