{
    "mteb_version": "0.0.2",
    "test": {
        "cos_sim": {
            "pearson": 0.8544823830316657,
            "spearman": 0.8631247335070001
        },
        "euclidean": {
            "pearson": 0.8583511050080228,
            "spearman": 0.8631247504896804
        },
        "evaluation_time": 9.12,
        "manhattan": {
            "pearson": 0.8578264835274283,
            "spearman": 0.8622731026174927
        }
    },
    "mteb_dataset_name": "STS15",
    "dataset_revision": "1cd7298cac12a96a373b6a2f18738bb3e739a9b6"
}