{
  "dataset_version": null,
  "mteb_version": "0.0.2",
  "test": {
    "evaluation_time": 57.05,
    "v_measure": 0.5163569819341781,
    "v_measure_std": 0.025285853775950193
  }
}