{
  "dataset_revision": "d80d48c1eb48d3562165c59d59d0034df9fff0bf",
  "mteb_dataset_name": "MTOPDomainClassification",
  "mteb_version": "1.1.2.dev0",
  "test": {
    "evaluation_time": 3.79,
    "fr": {
      "accuracy": 0.6364860632633886,
      "accuracy_stderr": 0.026965600198043317,
      "f1": 0.6351784553456505,
      "f1_stderr": 0.026557744283258012,
      "main_score": 0.6364860632633886
    }
  }
}