{
  "dataset_revision": "e077ab4cf4774a1e36d86d593b150422fafd8e8a",
  "mteb_dataset_name": "SICKFr",
  "mteb_version": "1.1.2.dev0",
  "test": {
    "cos_sim": {
      "pearson": 0.6150101518623604,
      "spearman": 0.5876409741522338
    },
    "euclidean": {
      "pearson": 0.5911727639884129,
      "spearman": 0.5876407128858061
    },
    "evaluation_time": 4.92,
    "manhattan": {
      "pearson": 0.5911248737102476,
      "spearman": 0.5877473430409661
    }
  }
}