{
  "dataset_revision": "6d1ba47164174a496b7fa5d3569dae26a6813b80",
  "mteb_dataset_name": "STS22",
  "mteb_version": "1.1.2.dev0",
  "test": {
    "evaluation_time": 1.98,
    "fr": {
      "cos_sim": {
        "pearson": 0.2767441953218426,
        "spearman": 0.40314535808503765
      },
      "euclidean": {
        "pearson": 0.34850942766721865,
        "spearman": 0.40314535808503765
      },
      "manhattan": {
        "pearson": 0.35412383106116313,
        "spearman": 0.4079245339418935
      }
    }
  }
}