{
  "dataset_revision": "93d57ef91790589e3ce9c365164337a8a78b7632",
  "mteb_dataset_name": "STSBenchmarkMultilingualSTS",
  "mteb_version": "1.1.2.dev0",
  "test": {
    "evaluation_time": 2.35,
    "fr": {
      "cos_sim": {
        "pearson": 0.5323480529632727,
        "spearman": 0.5224992109220082
      },
      "euclidean": {
        "pearson": 0.532560744023952,
        "spearman": 0.5224992109220082
      },
      "manhattan": {
        "pearson": 0.5328521945546086,
        "spearman": 0.5221941219249564
      }
    }
  }
}