{
  "dataset_version": null,
  "mteb_version": "0.0.2",
  "test": {
    "evaluation_time": 1066.23,
    "v_measure": 0.29442145665512404,
    "v_measure_std": 0.14357361757719725
  }
}