{
    "mteb_version": "0.0.2",
    "test": {
        "de-en": {
            "accuracy": 0.8742171189979123,
            "f1": 0.8700034794711203,
            "precision": 0.8680271398747391,
            "recall": 0.8742171189979123
        },
        "evaluation_time": 3240.05,
        "fr-en": {
            "accuracy": 0.8943429451904028,
            "f1": 0.8891114535182333,
            "precision": 0.8866644654780247,
            "recall": 0.8943429451904028
        },
        "ru-en": {
            "accuracy": 0.0047107724281260826,
            "f1": 0.004410419116237319,
            "precision": 0.004372283853926742,
            "recall": 0.0047107724281260826
        },
        "zh-en": {
            "accuracy": 0.010005265929436546,
            "f1": 0.009478672985781991,
            "precision": 0.009215376513954713,
            "recall": 0.010005265929436546
        }
    },
    "mteb_dataset_name": "BUCC",
    "dataset_revision": "d51519689f32196a32af33b075a01d0e7c51e252"
}