{
    "dataset_version": null,
    "mteb_version": "0.0.2",
    "test": {
        "evaluation_time": 606.14,
        "map_at_1": 0.1452,
        "map_at_10": 0.21567,
        "map_at_100": 0.22714,
        "map_at_1000": 0.22844,
        "map_at_3": 0.19276,
        "map_at_5": 0.20444,
        "mrr_at_1": 0.17894,
        "mrr_at_10": 0.25226,
        "mrr_at_100": 0.26163,
        "mrr_at_1000": 0.26246,
        "mrr_at_3": 0.22947,
        "mrr_at_5": 0.24186,
        "ndcg_at_1": 0.17894,
        "ndcg_at_10": 0.2619,
        "ndcg_at_100": 0.31552,
        "ndcg_at_1000": 0.34622,
        "ndcg_at_3": 0.21972,
        "ndcg_at_5": 0.23775,
        "precision_at_1": 0.17894,
        "precision_at_10": 0.04986,
        "precision_at_100": 0.00906,
        "precision_at_1000": 0.00134,
        "precision_at_3": 0.10679,
        "precision_at_5": 0.07798,
        "recall_at_1": 0.1452,
        "recall_at_10": 0.36508,
        "recall_at_100": 0.60437,
        "recall_at_1000": 0.82589,
        "recall_at_3": 0.24687,
        "recall_at_5": 0.29297
    },
    "mteb_dataset_name": "CQADupstackTexRetrieval"
}