{
  "dataset_version": null,
  "mteb_version": "0.0.2",
  "test": {
    "evaluation_time": 5310.18,
    "map_at_1": 0.21818,
    "map_at_10": 0.30955,
    "map_at_100": 0.31835,
    "map_at_1000": 0.31902,
    "map_at_3": 0.28384,
    "map_at_5": 0.29922,
    "mrr_at_1": 0.23822,
    "mrr_at_10": 0.33232,
    "mrr_at_100": 0.34087,
    "mrr_at_1000": 0.34148,
    "mrr_at_3": 0.30651,
    "mrr_at_5": 0.32205,
    "ndcg_at_1": 0.23822,
    "ndcg_at_10": 0.36209,
    "ndcg_at_100": 0.40654,
    "ndcg_at_1000": 0.42561,
    "ndcg_at_3": 0.31083,
    "ndcg_at_5": 0.3378,
    "precision_at_1": 0.23822,
    "precision_at_10": 0.0554,
    "precision_at_100": 0.00792,
    "precision_at_1000": 0.00097,
    "precision_at_3": 0.13366,
    "precision_at_5": 0.09466,
    "recall_at_1": 0.21818,
    "recall_at_10": 0.50458,
    "recall_at_100": 0.71231,
    "recall_at_1000": 0.86094,
    "recall_at_3": 0.3655,
    "recall_at_5": 0.43088
  }
}