{
  "dataset_version": null,
  "mteb_version": "0.0.2",
  "test": {
    "evaluation_time": 308.83,
    "map_at_1": 0.67695,
    "map_at_10": 0.81626,
    "map_at_100": 0.82338,
    "map_at_1000": 0.82357,
    "map_at_3": 0.78455,
    "map_at_5": 0.80469,
    "mrr_at_1": 0.7798,
    "mrr_at_10": 0.84741,
    "mrr_at_100": 0.849,
    "mrr_at_1000": 0.84903,
    "mrr_at_3": 0.83562,
    "mrr_at_5": 0.84381,
    "ndcg_at_1": 0.7797,
    "ndcg_at_10": 0.85732,
    "ndcg_at_100": 0.87273,
    "ndcg_at_1000": 0.8741,
    "ndcg_at_3": 0.82392,
    "ndcg_at_5": 0.84288,
    "precision_at_1": 0.7797,
    "precision_at_10": 0.13149,
    "precision_at_100": 0.01526,
    "precision_at_1000": 0.00156,
    "precision_at_3": 0.361,
    "precision_at_5": 0.23948,
    "recall_at_1": 0.67695,
    "recall_at_10": 0.93761,
    "recall_at_100": 0.99229,
    "recall_at_1000": 0.99935,
    "recall_at_3": 0.84472,
    "recall_at_5": 0.89638
  }
}