{
  "dataset_version": null,
  "mteb_version": "0.0.2",
  "test": {
    "cos_sim": {
      "pearson": 0.8495032499009216,
      "spearman": 0.8317025300846403
    },
    "euclidean": {
      "pearson": 0.8408041852332738,
      "spearman": 0.8317026191992015
    },
    "evaluation_time": 10.13,
    "manhattan": {
      "pearson": 0.8402055515004645,
      "spearman": 0.8314154013026712
    }
  }
}