{
    "mteb_version": "0.0.2",
    "test": {
        "ar": {
            "cos_sim": {
                "pearson": 0.2876386056535035,
                "spearman": 0.27014087792326236
            },
            "euclidean": {
                "pearson": 0.2875249503744663,
                "spearman": 0.27014087792326236
            },
            "manhattan": {
                "pearson": 0.2858764648756798,
                "spearman": 0.268844386099179
            }
        },
        "de": {
            "cos_sim": {
                "pearson": 0.30637539504491595,
                "spearman": 0.4373270660534058
            },
            "euclidean": {
                "pearson": 0.31955070400106333,
                "spearman": 0.4373270660534058
            },
            "manhattan": {
                "pearson": 0.3171482480193723,
                "spearman": 0.4336396093696315
            }
        },
        "de-en": {
            "cos_sim": {
                "pearson": 0.4787437306406369,
                "spearman": 0.49929780029524223
            },
            "euclidean": {
                "pearson": 0.5288927807814257,
                "spearman": 0.49929780029524223
            },
            "manhattan": {
                "pearson": 0.5253010790110717,
                "spearman": 0.49554775892410213
            }
        },
        "de-fr": {
            "cos_sim": {
                "pearson": 0.47588546161458256,
                "spearman": 0.6158372600449071
            },
            "euclidean": {
                "pearson": 0.5136008300020928,
                "spearman": 0.6158372600449071
            },
            "manhattan": {
                "pearson": 0.511101283601795,
                "spearman": 0.6180484438759469
            }
        },
        "de-pl": {
            "cos_sim": {
                "pearson": 0.3405343406225562,
                "spearman": 0.38831364513030386
            },
            "euclidean": {
                "pearson": 0.34896316103454683,
                "spearman": 0.38831364513030386
            },
            "manhattan": {
                "pearson": 0.3382792920321784,
                "spearman": 0.3593671878406539
            }
        },
        "en": {
            "cos_sim": {
                "pearson": 0.5863505922060647,
                "spearman": 0.62388799908209
            },
            "euclidean": {
                "pearson": 0.6253772425401857,
                "spearman": 0.62388799908209
            },
            "manhattan": {
                "pearson": 0.625573571333583,
                "spearman": 0.6243968471771809
            }
        },
        "es": {
            "cos_sim": {
                "pearson": 0.4731870777197778,
                "spearman": 0.5768475096248029
            },
            "euclidean": {
                "pearson": 0.5216327908427479,
                "spearman": 0.5768475096248029
            },
            "manhattan": {
                "pearson": 0.5191530750009862,
                "spearman": 0.5767403070499917
            }
        },
        "es-en": {
            "cos_sim": {
                "pearson": 0.5876542332786815,
                "spearman": 0.68086593403904
            },
            "euclidean": {
                "pearson": 0.6200420955872868,
                "spearman": 0.68086593403904
            },
            "manhattan": {
                "pearson": 0.6184293134959196,
                "spearman": 0.6772171603275664
            }
        },
        "es-it": {
            "cos_sim": {
                "pearson": 0.5317747953121241,
                "spearman": 0.6157734355584792
            },
            "euclidean": {
                "pearson": 0.5611173937367651,
                "spearman": 0.6157734355584792
            },
            "manhattan": {
                "pearson": 0.5605469952464681,
                "spearman": 0.613421566818547
            }
        },
        "evaluation_time": 86.93,
        "fr": {
            "cos_sim": {
                "pearson": 0.6666601115206456,
                "spearman": 0.750086943549879
            },
            "euclidean": {
                "pearson": 0.7001799753262754,
                "spearman": 0.750086943549879
            },
            "manhattan": {
                "pearson": 0.7000552861742838,
                "spearman": 0.7486858641851231
            }
        },
        "fr-pl": {
            "cos_sim": {
                "pearson": 0.3351761637879072,
                "spearman": 0.05634361698190111
            },
            "euclidean": {
                "pearson": 0.3188374701533229,
                "spearman": 0.05634361698190111
            },
            "manhattan": {
                "pearson": 0.306273631709425,
                "spearman": 0.05634361698190111
            }
        },
        "it": {
            "cos_sim": {
                "pearson": 0.5631840002511689,
                "spearman": 0.6201352674755981
            },
            "euclidean": {
                "pearson": 0.5897918822354694,
                "spearman": 0.6201352674755981
            },
            "manhattan": {
                "pearson": 0.5876630536804666,
                "spearman": 0.6209648661499082
            }
        },
        "pl": {
            "cos_sim": {
                "pearson": 0.14238613770797254,
                "spearman": 0.2499937937240629
            },
            "euclidean": {
                "pearson": 0.06838075205438282,
                "spearman": 0.2499937937240629
            },
            "manhattan": {
                "pearson": 0.06854300795442357,
                "spearman": 0.25046057301755503
            }
        },
        "pl-en": {
            "cos_sim": {
                "pearson": 0.5514581827671972,
                "spearman": 0.5172339227410723
            },
            "euclidean": {
                "pearson": 0.5555338038077399,
                "spearman": 0.5172339227410723
            },
            "manhattan": {
                "pearson": 0.5516728789203229,
                "spearman": 0.513899954460739
            }
        },
        "ru": {
            "cos_sim": {
                "pearson": 0.08292970584832618,
                "spearman": 0.14207067555928504
            },
            "euclidean": {
                "pearson": 0.12322533493885286,
                "spearman": 0.14207067555928504
            },
            "manhattan": {
                "pearson": 0.12451588440427876,
                "spearman": 0.1411380473674324
            }
        },
        "tr": {
            "cos_sim": {
                "pearson": 0.3606350632579472,
                "spearman": 0.47295779132710414
            },
            "euclidean": {
                "pearson": 0.41957452791809446,
                "spearman": 0.47295779132710414
            },
            "manhattan": {
                "pearson": 0.41857842268375,
                "spearman": 0.4718719301087656
            }
        },
        "zh": {
            "cos_sim": {
                "pearson": 0.2772271234133048,
                "spearman": 0.3047060514068077
            },
            "euclidean": {
                "pearson": 0.287365643060548,
                "spearman": 0.30470604816869595
            },
            "manhattan": {
                "pearson": 0.28739698843875217,
                "spearman": 0.30437136386935504
            }
        },
        "zh-en": {
            "cos_sim": {
                "pearson": 0.26204302006458846,
                "spearman": 0.23098539466248674
            },
            "euclidean": {
                "pearson": 0.2793834397167806,
                "spearman": 0.23098539466248674
            },
            "manhattan": {
                "pearson": 0.2768648723255355,
                "spearman": 0.2295094585625646
            }
        }
    },
    "mteb_dataset_name": "STS22",
    "dataset_revision": "2de6ce8c1921b71a755b262c6b57fef195dd7906"
}