{
  "dataset_version": null,
  "mteb_version": "0.0.2",
  "test": {
    "cos_sim": {
      "pearson": 0.2938192778136787,
      "spearman": 0.29637105141084596
    },
    "dot": {
      "pearson": 0.2938192135859738,
      "spearman": 0.29637105141084596
    },
    "evaluation_time": 47.96
  }
}