{
    "dataset_version": null,
    "mteb_version": "0.0.2",
    "test": {
        "evaluation_time": 253.56,
        "map_at_1": 0.00147,
        "map_at_10": 0.00873,
        "map_at_100": 0.04865,
        "map_at_1000": 0.13314,
        "map_at_3": 0.00352,
        "map_at_5": 0.00517,
        "mrr_at_1": 0.62,
        "mrr_at_10": 0.73422,
        "mrr_at_100": 0.74023,
        "mrr_at_1000": 0.74023,
        "mrr_at_3": 0.72,
        "mrr_at_5": 0.73,
        "ndcg_at_1": 0.55,
        "ndcg_at_10": 0.46107,
        "ndcg_at_100": 0.35959,
        "ndcg_at_1000": 0.35982,
        "ndcg_at_3": 0.51877,
        "ndcg_at_5": 0.49431,
        "precision_at_1": 0.62,
        "precision_at_10": 0.486,
        "precision_at_100": 0.3748,
        "precision_at_1000": 0.16614,
        "precision_at_3": 0.56,
        "precision_at_5": 0.532,
        "recall_at_1": 0.00147,
        "recall_at_10": 0.01137,
        "recall_at_100": 0.08575,
        "recall_at_1000": 0.351,
        "recall_at_3": 0.00398,
        "recall_at_5": 0.00626
    },
    "mteb_dataset_name": "TRECCOVID"
}