{
    "test": {
        "accuracy": 0.8235389610389611,
        "accuracy_stderr": 0.008416859471308597,
        "evaluation_time": 39.18,
        "f1": 0.8228340159001093,
        "f1_stderr": 0.008760968636917424,
        "main_score": 0.8235389610389611
    },
    "mteb_version": "0.0.2",
    "mteb_dataset_name": "Banking77Classification",
    "dataset_revision": "44fa15921b4c889113cc5df03dd4901b49161ab7"
}