{
    "test": {
        "en": {
            "accuracy": 0.73728984532616,
            "accuracy_stderr": 0.022416411678827446,
            "f1": 0.738047759532863,
            "f1_stderr": 0.020723464185475632,
            "main_score": 0.73728984532616
        },
        "evaluation_time": 23.31
    },
    "dataset_version": null,
    "mteb_version": "0.0.2"
}