{
    "dataset_version": null,
    "dev": {
        "evaluation_time": 20322.16,
        "map_at_1": 0.14029,
        "map_at_10": 0.23731,
        "map_at_100": 0.24879,
        "map_at_1000": 0.24949,
        "map_at_3": 0.20276,
        "map_at_5": 0.22283,
        "ndcg_at_1": 0.14384,
        "ndcg_at_10": 0.29567,
        "ndcg_at_100": 0.353,
        "ndcg_at_1000": 0.37193,
        "ndcg_at_3": 0.22489,
        "ndcg_at_5": 0.26078,
        "precision_at_1": 0.14384,
        "precision_at_10": 0.04961,
        "precision_at_100": 0.00787,
        "precision_at_1000": 0.00095,
        "precision_at_3": 0.0979,
        "precision_at_5": 0.07685,
        "recall_at_1": 0.14029,
        "recall_at_10": 0.47747,
        "recall_at_100": 0.74614,
        "recall_at_1000": 0.89446,
        "recall_at_3": 0.28456,
        "recall_at_5": 0.37062
    },
    "mteb_version": "0.0.2",
    "test": {
        "evaluation_time": 18207.36,
        "map_at_1": 0.01623,
        "map_at_10": 0.1085,
        "map_at_100": 0.25885,
        "map_at_1000": 0.30557,
        "map_at_3": 0.04241,
        "map_at_5": 0.06501,
        "ndcg_at_1": 0.63178,
        "ndcg_at_10": 0.56235,
        "ndcg_at_100": 0.47561,
        "ndcg_at_1000": 0.5409,
        "ndcg_at_3": 0.60857,
        "ndcg_at_5": 0.57098,
        "precision_at_1": 0.81395,
        "precision_at_10": 0.65581,
        "precision_at_100": 0.28326,
        "precision_at_1000": 0.05219,
        "precision_at_3": 0.74419,
        "precision_at_5": 0.68372,
        "recall_at_1": 0.01623,
        "recall_at_10": 0.12238,
        "recall_at_100": 0.37002,
        "recall_at_1000": 0.59341,
        "recall_at_3": 0.04438,
        "recall_at_5": 0.07026
    },
    "mteb_dataset_name": "MSMARCO"
}