{
    "dataset_version": null,
    "mteb_version": "0.0.2",
    "test": {
        "evaluation_time": 18.79,
        "map_at_1": 0.0326,
        "map_at_10": 0.07113,
        "map_at_100": 0.08904,
        "map_at_1000": 0.09989,
        "map_at_3": 0.05217,
        "map_at_5": 0.06111,
        "ndcg_at_1": 0.31424,
        "ndcg_at_10": 0.22291,
        "ndcg_at_100": 0.21449,
        "ndcg_at_1000": 0.30686,
        "ndcg_at_3": 0.26734,
        "ndcg_at_5": 0.24832,
        "precision_at_1": 0.33127,
        "precision_at_10": 0.16656,
        "precision_at_100": 0.05375,
        "precision_at_1000": 0.01802,
        "precision_at_3": 0.2549,
        "precision_at_5": 0.21734,
        "recall_at_1": 0.0326,
        "recall_at_10": 0.10277,
        "recall_at_100": 0.24231,
        "recall_at_1000": 0.56055,
        "recall_at_3": 0.06202,
        "recall_at_5": 0.08132
    },
    "mteb_dataset_name": "NFCorpus"
}