{
    "test": {
        "cos_sim": {
            "pearson": 0.7840929397740879,
            "spearman": 0.719994667180189
        },
        "euclidean": {
            "pearson": 0.7544999390636642,
            "spearman": 0.7190725324295526
        },
        "evaluation_time": 8.89,
        "manhattan": {
            "pearson": 0.7539918290651433,
            "spearman": 0.718480423847711
        }
    },
    "mteb_version": "0.0.2",
    "mteb_dataset_name": "SICK-R",
    "dataset_revision": "20a6d6f312dd54037fe07a32d58e5e168867909d"
}