{
    "test": {
        "cos_sim": {
            "pearson": 0.7862197948078418,
            "spearman": 0.8040441089650371
        },
        "euclidean": {
            "pearson": 0.7918229973806117,
            "spearman": 0.801372082349376
        },
        "evaluation_time": 3.36,
        "manhattan": {
            "pearson": 0.7904034195231828,
            "spearman": 0.8001656399852706
        }
    },
    "dataset_version": null,
    "mteb_version": "0.0.2",
    "mteb_dataset_name": "STS13"
}