{
    "test": {
        "accuracy": 0.6400720000000001,
        "accuracy_stderr": 0.03521628282485247,
        "ap": 0.12366809421836047,
        "ap_stderr": 0.008268297084757363,
        "evaluation_time": 948.57,
        "f1": 0.500281679279022,
        "f1_stderr": 0.02075692685853306,
        "main_score": 0.12366809421836047
    },
    "dataset_version": null,
    "mteb_version": "0.0.2"
}