{
  "dataset_revision": "8ccc72e69e65f40c70e117d8b3c08306bb788b60",
  "mteb_dataset_name": "MasakhaNEWSClassification",
  "mteb_version": "1.1.2.dev0",
  "test": {
    "evaluation_time": 8.14,
    "fra": {
      "accuracy": 0.6755924170616113,
      "accuracy_stderr": 0.05108215521699502,
      "f1": 0.6346757707299796,
      "f1_stderr": 0.048252902851482454,
      "main_score": 0.6755924170616113
    }
  }
}