{
  "dataset_revision": "31efe3c427b0bae9c22cbb560b8f15491cc6bed7",
  "mteb_dataset_name": "MassiveIntentClassification",
  "mteb_version": "1.1.2.dev0",
  "test": {
    "evaluation_time": 6.7,
    "fr": {
      "accuracy": 0.3491257565568258,
      "accuracy_stderr": 0.01209187260339169,
      "f1": 0.3463795013732593,
      "f1_stderr": 0.009693873708756516,
      "main_score": 0.3491257565568258
    }
  }
}