{
  "dataset_revision": "7d571f92784cd94a019292a1f45445077d0ef634",
  "mteb_dataset_name": "MassiveScenarioClassification",
  "mteb_version": "1.1.2.dev0",
  "test": {
    "evaluation_time": 3.2,
    "fr": {
      "accuracy": 0.44166106254203097,
      "accuracy_stderr": 0.017611312758015026,
      "f1": 0.4226418409333104,
      "f1_stderr": 0.015585809171520665,
      "main_score": 0.44166106254203097
    }
  }
}