{
  "dataset_revision": "ae001d0e6b1228650b7bd1c2c65fb50ad11a8aba",
  "mteb_dataset_name": "MTOPIntentClassification",
  "mteb_version": "1.1.2.dev0",
  "test": {
    "evaluation_time": 10.49,
    "fr": {
      "accuracy": 0.3541497024741622,
      "accuracy_stderr": 0.015172387479268962,
      "f1": 0.2393464359855741,
      "f1_stderr": 0.006286723894073841,
      "main_score": 0.3541497024741622
    }
  }
}