{
  "dataset_revision": "9e9b1f8ef51616073f47f306f7f47dd91663f86a",
  "mteb_dataset_name": "OpusparcusPC",
  "mteb_version": "1.1.3.dev0",
  "test.full": {
    "evaluation_time": 1.34,
    "fr": {
      "cos_sim": {
        "accuracy": 0.728882833787466,
        "accuracy_threshold": 0.6816931537365679,
        "ap": 0.8608285959508718,
        "f1": 0.8261811876896402,
        "f1_threshold": 0.6639434881169548,
        "precision": 0.7330769230769231,
        "recall": 0.9463753723932473
      },
      "dot": {
        "accuracy": 0.728882833787466,
        "accuracy_threshold": 0.6816931527987181,
        "ap": 0.8608285959508718,
        "f1": 0.8261811876896402,
        "f1_threshold": 0.6639434853325994,
        "precision": 0.7330769230769231,
        "recall": 0.9463753723932473
      },
      "euclidean": {
        "accuracy": 0.728882833787466,
        "accuracy_threshold": 0.7978807499902378,
        "ap": 0.8608285959508718,
        "f1": 0.8261811876896402,
        "f1_threshold": 0.8198249940880423,
        "precision": 0.7330769230769231,
        "recall": 0.9463753723932473
      },
      "manhattan": {
        "accuracy": 0.726158038147139,
        "accuracy_threshold": 17.533817906458808,
        "ap": 0.8612244988804765,
        "f1": 0.8262748487467587,
        "f1_threshold": 18.021919729636465,
        "precision": 0.7314460596786534,
        "recall": 0.9493545183714002
      },
      "max": {
        "accuracy": 0.728882833787466,
        "ap": 0.8612244988804765,
        "f1": 0.8262748487467587
      }
    }
  },
  "validation.full": {
    "evaluation_time": 1.48,
    "fr": {
      "cos_sim": {
        "accuracy": 0.7535612535612536,
        "accuracy_threshold": 0.6877220983430717,
        "ap": 0.8757472823792262,
        "f1": 0.8459831335996449,
        "f1_threshold": 0.6717049026114534,
        "precision": 0.7587579617834395,
        "recall": 0.9558676028084253
      },
      "dot": {
        "accuracy": 0.7535612535612536,
        "accuracy_threshold": 0.6877220900124958,
        "ap": 0.8757472823792262,
        "f1": 0.8459831335996449,
        "f1_threshold": 0.6717048814689487,
        "precision": 0.7587579617834395,
        "recall": 0.9558676028084253
      },
      "euclidean": {
        "accuracy": 0.7535612535612536,
        "accuracy_threshold": 0.7902884240586754,
        "ap": 0.8757472823792262,
        "f1": 0.8459831335996449,
        "f1_threshold": 0.8103025148181779,
        "precision": 0.7587579617834395,
        "recall": 0.9558676028084253
      },
      "manhattan": {
        "accuracy": 0.7528490028490028,
        "accuracy_threshold": 17.149909824590395,
        "ap": 0.8755006578221669,
        "f1": 0.8451327433628318,
        "f1_threshold": 17.844210684730115,
        "precision": 0.7561361836896279,
        "recall": 0.9578736208625878
      },
      "max": {
        "accuracy": 0.7535612535612536,
        "ap": 0.8757472823792262,
        "f1": 0.8459831335996449
      }
    }
  }
}