{
  "dataset_revision": "e077ab4cf4774a1e36d86d593b150422fafd8e8a",
  "mteb_dataset_name": "SICKFr",
  "mteb_version": "1.1.2.dev0",
  "test": {
    "cos_sim": {
      "pearson": 0.653980206103429,
      "spearman": 0.6164042836935036
    },
    "euclidean": {
      "pearson": 0.6337120373497106,
      "spearman": 0.6164039109859377
    },
    "evaluation_time": 3.41,
    "manhattan": {
      "pearson": 0.6335403857851157,
      "spearman": 0.6162360958837289
    }
  }
}