{
    "test": {
        "evaluation_time": 13902.67,
        "v_measure": 0.32386812476732035,
        "v_measure_std": 0.14040223746920932
    },
    "dataset_version": null,
    "mteb_version": "0.0.2"
}