{
    "dataset_version": null,
    "mteb_version": "0.0.2",
    "test": {
        "evaluation_time": 4109.61,
        "map_at_1": 0.31031,
        "map_at_10": 0.42008,
        "map_at_100": 0.43422,
        "map_at_1000": 0.43552,
        "map_at_3": 0.3911,
        "map_at_5": 0.40765,
        "ndcg_at_1": 0.3879,
        "ndcg_at_10": 0.47902,
        "ndcg_at_100": 0.52677,
        "ndcg_at_1000": 0.54675,
        "ndcg_at_3": 0.43786,
        "ndcg_at_5": 0.45715,
        "precision_at_1": 0.3879,
        "precision_at_10": 0.08975,
        "precision_at_100": 0.0149,
        "precision_at_1000": 0.00195,
        "precision_at_3": 0.21168,
        "precision_at_5": 0.14866,
        "recall_at_1": 0.31031,
        "recall_at_10": 0.58205,
        "recall_at_100": 0.77627,
        "recall_at_1000": 0.90368,
        "recall_at_3": 0.46111,
        "recall_at_5": 0.51617
    }
}