{
    "mteb_version": "0.0.2",
    "test": {
        "evaluation_time": 1040.17,
        "map_at_1": 0.05474,
        "map_at_10": 0.12442,
        "map_at_100": 0.1532,
        "map_at_1000": 0.16713,
        "map_at_3": 0.09094,
        "map_at_5": 0.10606,
        "ndcg_at_1": 0.43808,
        "ndcg_at_10": 0.34179,
        "ndcg_at_100": 0.30329,
        "ndcg_at_1000": 0.39272,
        "ndcg_at_3": 0.39771,
        "ndcg_at_5": 0.3732,
        "precision_at_1": 0.45201,
        "precision_at_10": 0.25263,
        "precision_at_100": 0.07666,
        "precision_at_1000": 0.02057,
        "precision_at_3": 0.37668,
        "precision_at_5": 0.32136,
        "recall_at_1": 0.05474,
        "recall_at_10": 0.1674,
        "recall_at_100": 0.30061,
        "recall_at_1000": 0.62919,
        "recall_at_3": 0.10064,
        "recall_at_5": 0.12894
    },
    "mteb_dataset_name": "NFCorpus",
    "dataset_revision": "7eb63cc0c1eb59324d709ebed25fcab851fa7610"
}