{
    "dataset_version": null,
    "mteb_version": "0.0.2",
    "test": {
        "evaluation_time": 8290.92,
        "map_at_1": 0.71512,
        "map_at_10": 0.85513,
        "map_at_100": 0.86147,
        "map_at_1000": 0.8616,
        "map_at_3": 0.82579,
        "map_at_5": 0.8443,
        "ndcg_at_1": 0.824,
        "ndcg_at_10": 0.89094,
        "ndcg_at_100": 0.90208,
        "ndcg_at_1000": 0.90283,
        "ndcg_at_3": 0.86293,
        "ndcg_at_5": 0.87811,
        "precision_at_1": 0.824,
        "precision_at_10": 0.13522,
        "precision_at_100": 0.01539,
        "precision_at_1000": 0.00157,
        "precision_at_3": 0.37803,
        "precision_at_5": 0.24832,
        "recall_at_1": 0.71512,
        "recall_at_10": 0.96013,
        "recall_at_100": 0.9966,
        "recall_at_1000": 0.99993,
        "recall_at_3": 0.8784,
        "recall_at_5": 0.92224
    },
    "mteb_dataset_name": "QuoraRetrieval"
}