{
    "test": {
        "evaluation_time": 15657.77,
        "v_measure": 0.32846363140242907,
        "v_measure_std": 0.016358672968498637
    },
    "dataset_version": null,
    "mteb_version": "0.0.2"
}