{
    "test": {
        "cos_sim": {
            "accuracy": 0.886230449800132,
            "accuracy_threshold": 0.8080177307128906,
            "ap": 0.851341871186482,
            "f1": 0.776103857456385,
            "f1_threshold": 0.7839395999908447,
            "precision": 0.7507736595897805,
            "recall": 0.8032029565753003
        },
        "dot": {
            "accuracy": 0.886230449800132,
            "accuracy_threshold": 0.8080177307128906,
            "ap": 0.8513417621650221,
            "f1": 0.776103857456385,
            "f1_threshold": 0.7839395999908447,
            "precision": 0.7507736595897805,
            "recall": 0.8032029565753003
        },
        "euclidean": {
            "accuracy": 0.886230449800132,
            "accuracy_threshold": 0.619648814201355,
            "ap": 0.8513416778632756,
            "f1": 0.776103857456385,
            "f1_threshold": 0.6573589444160461,
            "precision": 0.7507736595897805,
            "recall": 0.8032029565753003
        },
        "evaluation_time": 1022.97,
        "manhattan": {
            "accuracy": 0.8861528311406062,
            "accuracy_threshold": 13.863986015319824,
            "ap": 0.8511510412007182,
            "f1": 0.7762603149436057,
            "f1_threshold": 14.853403091430664,
            "precision": 0.7295942559100453,
            "recall": 0.8293039728980598
        },
        "max": {
            "accuracy": 0.886230449800132,
            "ap": 0.851341871186482,
            "f1": 0.7762603149436057
        }
    },
    "dataset_version": null,
    "mteb_version": "0.0.2"
}