{
  "test": {
    "accuracy": 0.5135500000000001,
    "accuracy_stderr": 0.033795302928069766,
    "evaluation_time": 19.75,
    "f1": 0.44275057263782525,
    "f1_stderr": 0.01703646412145533,
    "main_score": 0.5135500000000001
  },
  "validation": {
    "accuracy": 0.48410000000000003,
    "accuracy_stderr": 0.030782137677555787,
    "evaluation_time": 23.83,
    "f1": 0.4296312341931725,
    "f1_stderr": 0.0173214376685743,
    "main_score": 0.48410000000000003
  }
}