{
  "test": {
    "accuracy": 0.7969639999999999,
    "accuracy_stderr": 0.03408999125843244,
    "ap": 0.741138915551537,
    "ap_stderr": 0.03208721954898891,
    "evaluation_time": 1280.82,
    "f1": 0.7961813755521312,
    "f1_stderr": 0.03438487299304675,
    "main_score": 0.7969639999999999
  }
}