{
    "mteb_version": "0.0.2",
    "test": {
        "accuracy": 0.8222402597402597,
        "accuracy_stderr": 0.007684935310743257,
        "evaluation_time": 52.94,
        "f1": 0.8164041266612776,
        "f1_stderr": 0.008493106324728486,
        "main_score": 0.8222402597402597
    },
    "mteb_dataset_name": "Banking77Classification",
    "dataset_revision": "44fa15921b4c889113cc5df03dd4901b49161ab7"
}