{
  "dataset_version": null,
  "mteb_version": "0.0.2",
  "test": {
    "de-en": {
      "accuracy": 0.9133611691022965,
      "f1": 0.9098613182224874,
      "precision": 0.9082446068197634,
      "recall": 0.9133611691022965
    },
    "evaluation_time": 11333.84,
    "fr-en": {
      "accuracy": 0.889060092449923,
      "f1": 0.8855192359429648,
      "precision": 0.8840496010702922,
      "recall": 0.889060092449923
    },
    "ru-en": {
      "accuracy": 0.02168340838240388,
      "f1": 0.0206701574849262,
      "precision": 0.020394816846459402,
      "recall": 0.02168340838240388
    },
    "zh-en": {
      "accuracy": 0.01579778830963665,
      "f1": 0.014920133403545725,
      "precision": 0.014481305950500263,
      "recall": 0.01579778830963665
    }
  }
}