{
  "dataset_version": null,
  "mteb_version": "0.0.2",
  "test": {
    "evaluation_time": 20050.14,
    "map_at_1": 0.1106,
    "map_at_10": 0.1889,
    "map_at_100": 0.20753,
    "map_at_1000": 0.20932,
    "map_at_3": 0.15607,
    "map_at_5": 0.17257,
    "mrr_at_1": 0.24625,
    "mrr_at_10": 0.36152,
    "mrr_at_100": 0.37145,
    "mrr_at_1000": 0.37188,
    "mrr_at_3": 0.32552,
    "mrr_at_5": 0.34812,
    "ndcg_at_1": 0.24625,
    "ndcg_at_10": 0.27007,
    "ndcg_at_100": 0.34321,
    "ndcg_at_1000": 0.37558,
    "ndcg_at_3": 0.21582,
    "ndcg_at_5": 0.23602,
    "precision_at_1": 0.24625,
    "precision_at_10": 0.08521,
    "precision_at_100": 0.01629,
    "precision_at_1000": 0.00223,
    "precision_at_3": 0.15917,
    "precision_at_5": 0.12573,
    "recall_at_1": 0.1106,
    "recall_at_10": 0.33011,
    "recall_at_100": 0.58121,
    "recall_at_1000": 0.76227,
    "recall_at_3": 0.19946,
    "recall_at_5": 0.25383
  }
}