{
  "dataset_version": null,
  "mteb_version": "0.0.2",
  "test": {
    "evaluation_time": 690.03,
    "map_at_1": 0.2735,
    "map_at_10": 0.38337,
    "map_at_100": 0.39835,
    "map_at_1000": 0.39949,
    "map_at_3": 0.3474,
    "map_at_5": 0.36518,
    "mrr_at_1": 0.33906,
    "mrr_at_10": 0.44242,
    "mrr_at_100": 0.45089,
    "mrr_at_1000": 0.45129,
    "mrr_at_3": 0.41345,
    "mrr_at_5": 0.42697,
    "ndcg_at_1": 0.33906,
    "ndcg_at_10": 0.44933,
    "ndcg_at_100": 0.50674,
    "ndcg_at_1000": 0.526,
    "ndcg_at_3": 0.39276,
    "ndcg_at_5": 0.4137,
    "precision_at_1": 0.33906,
    "precision_at_10": 0.08741,
    "precision_at_100": 0.01423,
    "precision_at_1000": 0.00187,
    "precision_at_3": 0.18836,
    "precision_at_5": 0.13505,
    "recall_at_1": 0.2735,
    "recall_at_10": 0.58465,
    "recall_at_100": 0.82288,
    "recall_at_1000": 0.94325,
    "recall_at_3": 0.42016,
    "recall_at_5": 0.47884
  }
}