{
    "mteb_version": "0.0.2",
    "test": {
        "evaluation_time": 20943.06,
        "map_at_1": 0.52641,
        "map_at_10": 0.6575,
        "map_at_100": 0.66112,
        "map_at_1000": 0.66128,
        "map_at_3": 0.6331,
        "map_at_5": 0.64887,
        "mrr_at_1": 0.56751,
        "mrr_at_10": 0.69826,
        "mrr_at_100": 0.70109,
        "mrr_at_1000": 0.70114,
        "mrr_at_3": 0.67597,
        "mrr_at_5": 0.69032,
        "ndcg_at_1": 0.56751,
        "ndcg_at_10": 0.72176,
        "ndcg_at_100": 0.73753,
        "ndcg_at_1000": 0.74073,
        "ndcg_at_3": 0.67632,
        "ndcg_at_5": 0.70241,
        "precision_at_1": 0.56751,
        "precision_at_10": 0.09644,
        "precision_at_100": 0.01057,
        "precision_at_1000": 0.0011,
        "precision_at_3": 0.27433,
        "precision_at_5": 0.17936,
        "recall_at_1": 0.52641,
        "recall_at_10": 0.87905,
        "recall_at_100": 0.94744,
        "recall_at_1000": 0.96907,
        "recall_at_3": 0.75765,
        "recall_at_5": 0.82108
    },
    "mteb_dataset_name": "FEVER",
    "dataset_revision": "1429cf27e393599b8b359b9b72c666f96b2525f9"
}