{
    "mteb_version": "0.0.2",
    "test": {
        "evaluation_time": 12155.3,
        "map_at_1": 0.34301,
        "map_at_10": 0.49779,
        "map_at_100": 0.50659,
        "map_at_1000": 0.50731,
        "map_at_3": 0.46771,
        "map_at_5": 0.48608,
        "mrr_at_1": 0.68602,
        "mrr_at_10": 0.75415,
        "mrr_at_100": 0.75713,
        "mrr_at_1000": 0.75728,
        "mrr_at_3": 0.74132,
        "mrr_at_5": 0.74962,
        "ndcg_at_1": 0.68602,
        "ndcg_at_10": 0.58907,
        "ndcg_at_100": 0.62162,
        "ndcg_at_1000": 0.63635,
        "ndcg_at_3": 0.54351,
        "ndcg_at_5": 0.56836,
        "precision_at_1": 0.68602,
        "precision_at_10": 0.12275,
        "precision_at_100": 0.01483,
        "precision_at_1000": 0.00168,
        "precision_at_3": 0.34166,
        "precision_at_5": 0.22466,
        "recall_at_1": 0.34301,
        "recall_at_10": 0.61377,
        "recall_at_100": 0.74132,
        "recall_at_1000": 0.8391,
        "recall_at_3": 0.51249,
        "recall_at_5": 0.56165
    },
    "mteb_dataset_name": "HotpotQA",
    "dataset_revision": "766870b35a1b9ca65e67a0d1913899973551fc6c"
}