{
  "dataset_version": null,
  "mteb_version": "0.0.2",
  "test": {
    "cos_sim": {
      "pearson": 0.8520081453817796,
      "spearman": 0.8600886559584635
    },
    "euclidean": {
      "pearson": 0.8553349743450536,
      "spearman": 0.8600886689661058
    },
    "evaluation_time": 26.97,
    "manhattan": {
      "pearson": 0.8552888583519033,
      "spearman": 0.8600630691353293
    }
  }
}