{
  "dataset_version": null,
  "mteb_version": "0.0.2",
  "test": {
    "accuracy": 0.5477362761743068,
    "accuracy_stderr": 0.020628571513640885,
    "evaluation_time": 40.39,
    "f1": 0.5507437056150637,
    "f1_stderr": 0.020559429639110612,
    "main_score": 0.5477362761743068
  }
}