{
    "test": {
        "accuracy": 0.6713145,
        "accuracy_stderr": 0.04798283967732631,
        "ap": 0.6184206077890378,
        "ap_stderr": 0.04483530387468751,
        "evaluation_time": 10562.85,
        "f1": 0.6679987305640382,
        "f1_stderr": 0.0493216058227932,
        "main_score": 0.6713145
    },
    "dataset_version": null,
    "mteb_version": "0.0.2",
    "mteb_dataset_name": "AmazonPolarityClassification"
}