{
    "test": {
        "en": {
            "accuracy": 0.652686567164179,
            "accuracy_stderr": 0.04270874071837243,
            "ap": 0.2847453420428918,
            "ap_stderr": 0.026151229961354508,
            "f1": 0.593470101009448,
            "f1_stderr": 0.03434633355289456,
            "main_score": 0.2847453420428918
        },
        "evaluation_time": 13.99
    },
    "mteb_version": "0.0.2",
    "mteb_dataset_name": "AmazonCounterfactualClassification",
    "dataset_revision": "2d8a100785abf0ae21420d2a55b0c56e3e1ea996"
}