{
  "test": {
    "evaluation_time": 602.49,
    "v_measure": 0.3961660513362518,
    "v_measure_std": 0.00662632527891954
  }
}