{
    "dataset_version": null,
    "mteb_version": "0.0.2",
    "test": {
        "evaluation_time": 156.29,
        "map_at_1": 0.26454,
        "map_at_10": 0.37756,
        "map_at_100": 0.39225,
        "map_at_1000": 0.39332,
        "map_at_3": 0.34115,
        "map_at_5": 0.35942,
        "ndcg_at_1": 0.3242,
        "ndcg_at_10": 0.44165,
        "ndcg_at_100": 0.50202,
        "ndcg_at_1000": 0.52188,
        "ndcg_at_3": 0.38381,
        "ndcg_at_5": 0.40849,
        "precision_at_1": 0.3242,
        "precision_at_10": 0.08482,
        "precision_at_100": 0.01332,
        "precision_at_1000": 0.00169,
        "precision_at_3": 0.18683,
        "precision_at_5": 0.13539,
        "recall_at_1": 0.26454,
        "recall_at_10": 0.57937,
        "recall_at_100": 0.8376,
        "recall_at_1000": 0.96826,
        "recall_at_3": 0.41842,
        "recall_at_5": 0.48285
    },
    "mteb_dataset_name": "CQADupstackProgrammersRetrieval"
}