{
    "mteb_version": "0.0.2",
    "test": {
        "evaluation_time": 114.94,
        "map_at_1": 0.3292,
        "map_at_10": 0.4574,
        "map_at_100": 0.47309,
        "map_at_1000": 0.47443,
        "map_at_3": 0.42154,
        "map_at_5": 0.44207,
        "ndcg_at_1": 0.42229,
        "ndcg_at_10": 0.52289,
        "ndcg_at_100": 0.57049,
        "ndcg_at_1000": 0.58788,
        "ndcg_at_3": 0.47531,
        "ndcg_at_5": 0.49861,
        "precision_at_1": 0.42229,
        "precision_at_10": 0.10299,
        "precision_at_100": 0.0168,
        "precision_at_1000": 0.00213,
        "precision_at_3": 0.23673,
        "precision_at_5": 0.17006,
        "recall_at_1": 0.3292,
        "recall_at_10": 0.63865,
        "recall_at_100": 0.84067,
        "recall_at_1000": 0.94536,
        "recall_at_3": 0.49643,
        "recall_at_5": 0.56119
    },
    "mteb_dataset_name": "CQADupstackEnglishRetrieval",
    "dataset_revision": "2b9f5791698b5be7bc5e10535c8690f20043c3db"
}