{
    "test": {
        "evaluation_time": 240.16,
        "map_at_1": 0.244,
        "map_at_10": 0.41117,
        "map_at_100": 0.43167,
        "map_at_1000": 0.43323,
        "map_at_3": 0.35744,
        "map_at_5": 0.38708,
        "ndcg_at_1": 0.49074,
        "ndcg_at_10": 0.49963,
        "ndcg_at_100": 0.56564,
        "ndcg_at_1000": 0.58932,
        "ndcg_at_3": 0.45489,
        "ndcg_at_5": 0.47133,
        "precision_at_1": 0.49074,
        "precision_at_10": 0.13889,
        "precision_at_100": 0.02091,
        "precision_at_1000": 0.00251,
        "precision_at_3": 0.30658,
        "precision_at_5": 0.22593,
        "recall_at_1": 0.244,
        "recall_at_10": 0.58112,
        "recall_at_100": 0.81969,
        "recall_at_1000": 0.96187,
        "recall_at_3": 0.41661,
        "recall_at_5": 0.4924
    },
    "dataset_version": null,
    "mteb_version": "0.0.2",
    "mteb_dataset_name": "FiQA2018"
}