{
    "mteb_version": "0.0.2",
    "test": {
        "evaluation_time": 4525.09,
        "map_at_1": 0.22262,
        "map_at_10": 0.31266,
        "map_at_100": 0.32202,
        "map_at_1000": 0.323,
        "map_at_3": 0.28874,
        "map_at_5": 0.30246,
        "ndcg_at_1": 0.44524,
        "ndcg_at_10": 0.39294,
        "ndcg_at_100": 0.43296,
        "ndcg_at_1000": 0.45561,
        "ndcg_at_3": 0.35013,
        "ndcg_at_5": 0.37177,
        "precision_at_1": 0.44524,
        "precision_at_10": 0.0852,
        "precision_at_100": 0.01169,
        "precision_at_1000": 0.00147,
        "precision_at_3": 0.22003,
        "precision_at_5": 0.14914,
        "recall_at_1": 0.22262,
        "recall_at_10": 0.426,
        "recall_at_100": 0.5846,
        "recall_at_1000": 0.73565,
        "recall_at_3": 0.33005,
        "recall_at_5": 0.37286
    },
    "mteb_dataset_name": "HotpotQA",
    "dataset_revision": "766870b35a1b9ca65e67a0d1913899973551fc6c"
}