{
    "test": {
        "evaluation_time": 7378.44,
        "map_at_1": 0.27124,
        "map_at_10": 0.42418,
        "map_at_100": 0.43633,
        "map_at_1000": 0.4366,
        "map_at_3": 0.37766,
        "map_at_5": 0.40482,
        "ndcg_at_1": 0.30794,
        "ndcg_at_10": 0.5045,
        "ndcg_at_100": 0.55438,
        "ndcg_at_1000": 0.56084,
        "ndcg_at_3": 0.41678,
        "ndcg_at_5": 0.46257,
        "precision_at_1": 0.30794,
        "precision_at_10": 0.08656,
        "precision_at_100": 0.01141,
        "precision_at_1000": 0.0012,
        "precision_at_3": 0.1937,
        "precision_at_5": 0.14218,
        "recall_at_1": 0.27124,
        "recall_at_10": 0.72545,
        "recall_at_100": 0.93938,
        "recall_at_1000": 0.98788,
        "recall_at_3": 0.49802,
        "recall_at_5": 0.60426
    },
    "dataset_version": null,
    "mteb_version": "0.0.2"
}