{
    "test": {
        "en": {
            "cos_sim": {
                "pearson": 0.6678771571400974,
                "spearman": 0.6794534221542502
            },
            "euclidean": {
                "pearson": 0.6862534447097992,
                "spearman": 0.6794534221542502
            },
            "manhattan": {
                "pearson": 0.6835916011329631,
                "spearman": 0.6758212723406085
            }
        },
        "evaluation_time": 5.59
    },
    "mteb_version": "0.0.2",
    "mteb_dataset_name": "STS22",
    "dataset_revision": "2de6ce8c1921b71a755b262c6b57fef195dd7906"
}