{
  "dataset_revision": "392ba3f5bcc8c51f578786c1fc3dae648662cb9b",
  "mteb_dataset_name": "AlloprofRetrieval",
  "mteb_version": "1.1.2.dev0",
  "test": {
    "evaluation_time": 9.95,
    "map_at_1": 0.22841,
    "map_at_10": 0.32667,
    "map_at_100": 0.33891,
    "map_at_1000": 0.33948,
    "map_at_3": 0.29498,
    "map_at_5": 0.31197,
    "mrr_at_1": 0.22841,
    "mrr_at_10": 0.32667,
    "mrr_at_100": 0.33891,
    "mrr_at_1000": 0.33948,
    "mrr_at_3": 0.29498,
    "mrr_at_5": 0.31197,
    "ndcg_at_1": 0.22841,
    "ndcg_at_10": 0.38361,
    "ndcg_at_100": 0.44605,
    "ndcg_at_1000": 0.46194,
    "ndcg_at_3": 0.31731,
    "ndcg_at_5": 0.34791,
    "precision_at_1": 0.22841,
    "precision_at_10": 0.05669,
    "precision_at_100": 0.00865,
    "precision_at_1000": 0.00099,
    "precision_at_3": 0.12737,
    "precision_at_5": 0.09128,
    "recall_at_1": 0.22841,
    "recall_at_10": 0.56693,
    "recall_at_100": 0.86528,
    "recall_at_1000": 0.99136,
    "recall_at_3": 0.38212,
    "recall_at_5": 0.45639
  }
}