{
  "dataset_revision": "5345895c56a601afe1a98519ce3199be60a27dba",
  "mteb_dataset_name": "DiaBLaBitextMining",
  "mteb_version": "1.1.2.dev0",
  "test": {
    "evaluation_time": 10.44,
    "fr-en": {
      "accuracy": 0.8529923451635352,
      "f1": 0.8308540836724554,
      "main_score": 0.8308540836724554,
      "precision": 0.8226521817979757,
      "recall": 0.8529923451635352
    }
  }
}