{
  "dataset_revision": "8ccc72e69e65f40c70e117d8b3c08306bb788b60",
  "mteb_dataset_name": "MasakhaNEWSClassification",
  "mteb_version": "1.1.2.dev0",
  "test": {
    "evaluation_time": 63.34,
    "fra": {
      "accuracy": 0.8310426540284359,
      "accuracy_stderr": 0.018141509047794515,
      "f1": 0.7958859315978561,
      "f1_stderr": 0.020357387056207085,
      "main_score": 0.8310426540284359
    }
  }
}