{
  "dataset_revision": "ae001d0e6b1228650b7bd1c2c65fb50ad11a8aba",
  "mteb_dataset_name": "MTOPIntentClassification",
  "mteb_version": "1.1.2.dev0",
  "test": {
    "evaluation_time": 158.58,
    "fr": {
      "accuracy": 0.6107422486689634,
      "accuracy_stderr": 0.022641982619270633,
      "f1": 0.43401129295165414,
      "f1_stderr": 0.008191836788637307,
      "main_score": 0.6107422486689634
    }
  }
}