{
  "dataset_revision": "77f7e271bf4a92b24fce5119f3486b583ca016ff",
  "mteb_dataset_name": "SyntecRetrieval",
  "mteb_version": "1.1.2.dev0",
  "test": {
    "evaluation_time": 4.53,
    "map_at_1": 0.62,
    "map_at_10": 0.73802,
    "map_at_100": 0.74036,
    "map_at_1000": 0.74036,
    "map_at_3": 0.71,
    "map_at_5": 0.7335,
    "mrr_at_1": 0.62,
    "mrr_at_10": 0.73802,
    "mrr_at_100": 0.74036,
    "mrr_at_1000": 0.74036,
    "mrr_at_3": 0.71,
    "mrr_at_5": 0.7335,
    "ndcg_at_1": 0.62,
    "ndcg_at_10": 0.79269,
    "ndcg_at_100": 0.80223,
    "ndcg_at_1000": 0.80223,
    "ndcg_at_3": 0.74071,
    "ndcg_at_5": 0.78246,
    "precision_at_1": 0.62,
    "precision_at_10": 0.096,
    "precision_at_100": 0.01,
    "precision_at_1000": 0.001,
    "precision_at_3": 0.27667,
    "precision_at_5": 0.186,
    "recall_at_1": 0.62,
    "recall_at_10": 0.96,
    "recall_at_100": 1.0,
    "recall_at_1000": 1.0,
    "recall_at_3": 0.83,
    "recall_at_5": 0.93
  }
}