{
    "mteb_version": "0.0.2",
    "test": {
        "evaluation_time": 47.97,
        "map_at_1": 0.133,
        "map_at_10": 0.22639,
        "map_at_100": 0.23819,
        "map_at_1000": 0.23892,
        "map_at_3": 0.19227,
        "map_at_5": 0.21137,
        "ndcg_at_1": 0.133,
        "ndcg_at_10": 0.28294,
        "ndcg_at_100": 0.34367,
        "ndcg_at_1000": 0.36419,
        "ndcg_at_3": 0.21225,
        "ndcg_at_5": 0.24644,
        "precision_at_1": 0.133,
        "precision_at_10": 0.04659,
        "precision_at_100": 0.00757,
        "precision_at_1000": 0.00092,
        "precision_at_3": 0.09009,
        "precision_at_5": 0.07055,
        "recall_at_1": 0.133,
        "recall_at_10": 0.46586,
        "recall_at_100": 0.75747,
        "recall_at_1000": 0.92105,
        "recall_at_3": 0.27027,
        "recall_at_5": 0.35277
    },
    "mteb_dataset_name": "ArguAna",
    "dataset_revision": "5b3e3697907184a9b77a3c99ee9ea1a9cbb1e4e3"
}