{
    "dataset_version": null,
    "mteb_version": "0.0.2",
    "test": {
        "accuracy": 0.6340584415584415,
        "accuracy_stderr": 0.008410845727747153,
        "evaluation_time": 27.84,
        "f1": 0.6322930289600828,
        "f1_stderr": 0.008866789948664876,
        "main_score": 0.6340584415584415
    }
}