{
    "dataset_version": null,
    "mteb_version": "0.0.2",
    "test": {
        "evaluation_time": 222.77,
        "map_at_1": 0.04695,
        "map_at_10": 0.06646,
        "map_at_100": 0.07203,
        "map_at_1000": 0.07328,
        "map_at_3": 0.05824,
        "map_at_5": 0.06281,
        "ndcg_at_1": 0.06064,
        "ndcg_at_10": 0.08395,
        "ndcg_at_100": 0.11543,
        "ndcg_at_1000": 0.15174,
        "ndcg_at_3": 0.06847,
        "ndcg_at_5": 0.07568,
        "precision_at_1": 0.06064,
        "precision_at_10": 0.01713,
        "precision_at_100": 0.00431,
        "precision_at_1000": 0.00095,
        "precision_at_3": 0.03337,
        "precision_at_5": 0.02599,
        "recall_at_1": 0.04695,
        "recall_at_10": 0.11812,
        "recall_at_100": 0.26102,
        "recall_at_1000": 0.52636,
        "recall_at_3": 0.07265,
        "recall_at_5": 0.09233
    },
    "mteb_dataset_name": "CQADupstackPhysicsRetrieval"
}