{
    "mteb_version": "0.0.2",
    "test": {
        "evaluation_time": 76.06,
        "map_at_1": 0.05258,
        "map_at_10": 0.07951,
        "map_at_100": 0.08511,
        "map_at_1000": 0.08634,
        "map_at_3": 0.06917,
        "map_at_5": 0.07494,
        "ndcg_at_1": 0.06438,
        "ndcg_at_10": 0.10062,
        "ndcg_at_100": 0.13288,
        "ndcg_at_1000": 0.16869,
        "ndcg_at_3": 0.08084,
        "ndcg_at_5": 0.0899,
        "precision_at_1": 0.06438,
        "precision_at_10": 0.02017,
        "precision_at_100": 0.00464,
        "precision_at_1000": 0.00101,
        "precision_at_3": 0.0391,
        "precision_at_5": 0.03062,
        "recall_at_1": 0.05258,
        "recall_at_10": 0.14837,
        "recall_at_100": 0.29476,
        "recall_at_1000": 0.55481,
        "recall_at_3": 0.09082,
        "recall_at_5": 0.11544
    },
    "mteb_dataset_name": "CQADupstackAndroidRetrieval",
    "dataset_revision": "2b9f5791698b5be7bc5e10535c8690f20043c3db"
}