{
    "dataset_version": null,
    "mteb_version": "0.0.2",
    "test": {
        "en": {
            "accuracy": 0.5988231338264962,
            "accuracy_stderr": 0.011821812918450931,
            "f1": 0.5630999241934552,
            "f1_stderr": 0.007020453643632121,
            "main_score": 0.5988231338264962
        },
        "evaluation_time": 25.19
    }
}