{
    "dataset_version": null,
    "mteb_version": "0.0.2",
    "test": {
        "cos_sim": {
            "pearson": 0.6252083170571725,
            "spearman": 0.6373272693604403
        },
        "euclidean": {
            "pearson": 0.6207183857694178,
            "spearman": 0.6168212853160276
        },
        "evaluation_time": 3.0,
        "manhattan": {
            "pearson": 0.6226074830050459,
            "spearman": 0.6187233082664935
        }
    }
}