{
    "mteb_version": "0.0.2",
    "test": {
        "cos_sim": {
            "pearson": 0.5938898927011527,
            "spearman": 0.6028567383446486
        },
        "euclidean": {
            "pearson": 0.6101658860573501,
            "spearman": 0.6277466415127644
        },
        "evaluation_time": 4.69,
        "manhattan": {
            "pearson": 0.6131562281089615,
            "spearman": 0.6305751564486292
        }
    },
    "mteb_dataset_name": "STS15",
    "dataset_revision": "1cd7298cac12a96a373b6a2f18738bb3e739a9b6"
}