{
  "dataset_revision": "1399c76144fd37290681b995c656ef9b2e06e26d",
  "mteb_dataset_name": "AmazonReviewsClassification",
  "mteb_version": "1.1.2.dev0",
  "test": {
    "evaluation_time": 9.9,
    "fr": {
      "accuracy": 0.34254,
      "accuracy_stderr": 0.021878217477664857,
      "f1": 0.3317447782418379,
      "f1_stderr": 0.021821326149068086,
      "main_score": 0.34254
    }
  }
}