{
  "dataset_revision": "e077ab4cf4774a1e36d86d593b150422fafd8e8a",
  "mteb_dataset_name": "SICKFr",
  "mteb_version": "1.1.2.dev0",
  "test": {
    "cos_sim": {
      "pearson": 0.8243199229039064,
      "spearman": 0.7724805746003676
    },
    "euclidean": {
      "pearson": 0.8019761531874564,
      "spearman": 0.77248183717642
    },
    "evaluation_time": 4.01,
    "manhattan": {
      "pearson": 0.8014879722264554,
      "spearman": 0.7720591966022605
    }
  }
}