{
  "dataset_revision": "1399c76144fd37290681b995c656ef9b2e06e26d",
  "mteb_dataset_name": "AmazonReviewsClassification",
  "mteb_version": "1.1.2.dev0",
  "test": {
    "evaluation_time": 84.73,
    "fr": {
      "accuracy": 0.35122000000000003,
      "accuracy_stderr": 0.02353592148185408,
      "f1": 0.34581237392085284,
      "f1_stderr": 0.023592567013489926,
      "main_score": 0.35122000000000003
    }
  }
}