{
    "test": {
        "evaluation_time": 1300.88,
        "map_at_1": 0.1522,
        "map_at_10": 0.3047,
        "map_at_100": 0.31908,
        "map_at_1000": 0.31918,
        "map_at_3": 0.24917,
        "map_at_5": 0.2789,
        "ndcg_at_1": 0.1522,
        "ndcg_at_10": 0.39847,
        "ndcg_at_100": 0.46068,
        "ndcg_at_1000": 0.46325,
        "ndcg_at_3": 0.28275,
        "ndcg_at_5": 0.33634,
        "precision_at_1": 0.1522,
        "precision_at_10": 0.0702,
        "precision_at_100": 0.00976,
        "precision_at_1000": 0.001,
        "precision_at_3": 0.12684,
        "precision_at_5": 0.10213,
        "recall_at_1": 0.1522,
        "recall_at_10": 0.70199,
        "recall_at_100": 0.97582,
        "recall_at_1000": 0.99573,
        "recall_at_3": 0.38051,
        "recall_at_5": 0.51067
    },
    "mteb_version": "0.0.2",
    "mteb_dataset_name": "ArguAna",
    "dataset_revision": "5b3e3697907184a9b77a3c99ee9ea1a9cbb1e4e3"
}