{
    "test": {
        "en": {
            "accuracy": 0.7344317417619368,
            "accuracy_stderr": 0.008179595713386223,
            "f1": 0.713497341404523,
            "f1_stderr": 0.007824228028244548,
            "main_score": 0.7344317417619368
        },
        "evaluation_time": 350.86
    },
    "mteb_version": "0.0.2",
    "mteb_dataset_name": "MassiveIntentClassification",
    "dataset_revision": "072a486a144adf7f4479a4a0dddb2152e161e1ea"
}