{
  "test": {
    "evaluation_time": 965.77,
    "v_measure": 0.2681601616447503,
    "v_measure_std": 0.015736932137265697
  }
}