{
    "test": {
        "cos_sim": {
            "accuracy": 0.9964752475247525,
            "accuracy_threshold": 0.897210955619812,
            "ap": 0.8888675641034331,
            "f1": 0.8142131979695432,
            "f1_threshold": 0.8890953063964844,
            "precision": 0.8268041237113402,
            "recall": 0.802
        },
        "dot": {
            "accuracy": 0.9964752475247525,
            "accuracy_threshold": 0.8972110152244568,
            "ap": 0.8888665519299837,
            "f1": 0.8142131979695432,
            "f1_threshold": 0.8890954256057739,
            "precision": 0.8268041237113402,
            "recall": 0.802
        },
        "euclidean": {
            "accuracy": 0.9964752475247525,
            "accuracy_threshold": 0.45340704917907715,
            "ap": 0.8888683964193124,
            "f1": 0.8142131979695432,
            "f1_threshold": 0.4709663987159729,
            "precision": 0.8268041237113402,
            "recall": 0.802
        },
        "evaluation_time": 129.36,
        "manhattan": {
            "accuracy": 0.9964554455445545,
            "accuracy_threshold": 10.087000846862793,
            "ap": 0.8891333217815992,
            "f1": 0.8141683778234088,
            "f1_threshold": 10.279195785522461,
            "precision": 0.8364978902953587,
            "recall": 0.793
        },
        "max": {
            "accuracy": 0.9964752475247525,
            "ap": 0.8891333217815992,
            "f1": 0.8142131979695432
        }
    },
    "mteb_version": "0.0.2",
    "mteb_dataset_name": "SprintDuplicateQuestions",
    "dataset_revision": "5a8256d0dff9c4bd3be3ba3e67e4e70173f802ea"
}