{
    "test": {
        "cos_sim": {
            "pearson": 0.8838224677326689,
            "spearman": 0.8893834486158684
        },
        "euclidean": {
            "pearson": 0.8821737734262775,
            "spearman": 0.8893839966922076
        },
        "evaluation_time": 49.76,
        "manhattan": {
            "pearson": 0.8813362750038027,
            "spearman": 0.8880882997392734
        }
    },
    "mteb_version": "0.0.2",
    "mteb_dataset_name": "STS13",
    "dataset_revision": "1591bfcbe8c69d4bf7fe2a16e2451017832cafb9"
}