{
  "dataset_revision": "8ccc72e69e65f40c70e117d8b3c08306bb788b60",
  "mteb_dataset_name": "MasakhaNEWSClassification",
  "mteb_version": "1.7.47",
  "test": {
    "evaluation_time": 11.23,
    "fra": {
      "accuracy": 0.7547393364928909,
      "accuracy_stderr": 0.041940450285374076,
      "f1": 0.7164997517174445,
      "f1_stderr": 0.04023328485340344,
      "main_score": 0.7547393364928909
    }
  }
}