{
    "test": {
        "accuracy": 0.7647727272727273,
        "accuracy_stderr": 0.011369432659021498,
        "evaluation_time": 29.23,
        "f1": 0.7541900393828457,
        "f1_stderr": 0.013365036623124759,
        "main_score": 0.7647727272727273
    },
    "dataset_version": null,
    "mteb_version": "0.0.2",
    "mteb_dataset_name": "Banking77Classification"
}