{
    "mteb_version": "0.0.2",
    "test": {
        "evaluation_time": 273.02,
        "map_at_1": 0.1276,
        "map_at_10": 0.18859,
        "map_at_100": 0.19865,
        "map_at_1000": 0.19994,
        "map_at_3": 0.16817,
        "map_at_5": 0.17837,
        "ndcg_at_1": 0.15416,
        "ndcg_at_10": 0.23037,
        "ndcg_at_100": 0.28164,
        "ndcg_at_1000": 0.31404,
        "ndcg_at_3": 0.19135,
        "ndcg_at_5": 0.20711,
        "precision_at_1": 0.15416,
        "precision_at_10": 0.04387,
        "precision_at_100": 0.00826,
        "precision_at_1000": 0.00127,
        "precision_at_3": 0.09257,
        "precision_at_5": 0.06696,
        "recall_at_1": 0.1276,
        "recall_at_10": 0.32657,
        "recall_at_100": 0.56023,
        "recall_at_1000": 0.79572,
        "recall_at_3": 0.21608,
        "recall_at_5": 0.25726
    },
    "mteb_dataset_name": "CQADupstackTexRetrieval",
    "dataset_revision": "2b9f5791698b5be7bc5e10535c8690f20043c3db"
}