{
    "dataset_version": null,
    "mteb_version": "0.0.2",
    "test": {
        "evaluation_time": 178.1,
        "map_at_1": 0.15659,
        "map_at_10": 0.2235,
        "map_at_100": 0.23498,
        "map_at_1000": 0.23602,
        "map_at_3": 0.19959,
        "map_at_5": 0.21202,
        "ndcg_at_1": 0.17375,
        "ndcg_at_10": 0.26606,
        "ndcg_at_100": 0.32567,
        "ndcg_at_1000": 0.35177,
        "ndcg_at_3": 0.21843,
        "ndcg_at_5": 0.23924,
        "precision_at_1": 0.17375,
        "precision_at_10": 0.04455,
        "precision_at_100": 0.00811,
        "precision_at_1000": 0.00112,
        "precision_at_3": 0.09427,
        "precision_at_5": 0.06913,
        "recall_at_1": 0.15659,
        "recall_at_10": 0.38167,
        "recall_at_100": 0.6611,
        "recall_at_1000": 0.85529,
        "recall_at_3": 0.25308,
        "recall_at_5": 0.30182
    },
    "mteb_dataset_name": "CQADupstackWordpressRetrieval"
}