{
    "test": {
        "evaluation_time": 11422.66,
        "map_at_1": 0.18103,
        "map_at_10": 0.26006,
        "map_at_100": 0.2706,
        "map_at_1000": 0.27173,
        "map_at_3": 0.23815,
        "map_at_5": 0.24978,
        "ndcg_at_1": 0.36205,
        "ndcg_at_10": 0.33198,
        "ndcg_at_100": 0.37837,
        "ndcg_at_1000": 0.40499,
        "ndcg_at_3": 0.29108,
        "ndcg_at_5": 0.30993,
        "precision_at_1": 0.36205,
        "precision_at_10": 0.07404,
        "precision_at_100": 0.01109,
        "precision_at_1000": 0.00146,
        "precision_at_3": 0.18479,
        "precision_at_5": 0.12581,
        "recall_at_1": 0.18103,
        "recall_at_10": 0.37022,
        "recall_at_100": 0.55449,
        "recall_at_1000": 0.73214,
        "recall_at_3": 0.27718,
        "recall_at_5": 0.31452
    },
    "dataset_version": null,
    "mteb_version": "0.0.2"
}