{
    "dataset_version": null,
    "dev": {
        "evaluation_time": 21140.0,
        "map_at_1": 0.09093,
        "map_at_10": 0.16227,
        "map_at_100": 0.17478,
        "map_at_1000": 0.17579,
        "map_at_3": 0.13541,
        "map_at_5": 0.14921,
        "ndcg_at_1": 0.0937,
        "ndcg_at_10": 0.20705,
        "ndcg_at_100": 0.27331,
        "ndcg_at_1000": 0.30104,
        "ndcg_at_3": 0.15081,
        "ndcg_at_5": 0.17551,
        "precision_at_1": 0.0937,
        "precision_at_10": 0.03633,
        "precision_at_100": 0.00704,
        "precision_at_1000": 0.00094,
        "precision_at_3": 0.06648,
        "precision_at_5": 0.05241,
        "recall_at_1": 0.09093,
        "recall_at_10": 0.34777,
        "recall_at_100": 0.66673,
        "recall_at_1000": 0.8845,
        "recall_at_3": 0.19194,
        "recall_at_5": 0.25125
    },
    "mteb_version": "0.0.2",
    "test": {
        "evaluation_time": 19170.89,
        "map_at_1": 0.01061,
        "map_at_10": 0.07233,
        "map_at_100": 0.19772,
        "map_at_1000": 0.24519,
        "map_at_3": 0.02918,
        "map_at_5": 0.04365,
        "ndcg_at_1": 0.42636,
        "ndcg_at_10": 0.4111,
        "ndcg_at_100": 0.3885,
        "ndcg_at_1000": 0.47855,
        "ndcg_at_3": 0.44119,
        "ndcg_at_5": 0.43766,
        "precision_at_1": 0.55814,
        "precision_at_10": 0.4907,
        "precision_at_100": 0.24512,
        "precision_at_1000": 0.05244,
        "precision_at_3": 0.56589,
        "precision_at_5": 0.54884,
        "recall_at_1": 0.01061,
        "recall_at_10": 0.08462,
        "recall_at_100": 0.31514,
        "recall_at_1000": 0.5769,
        "recall_at_3": 0.0304,
        "recall_at_5": 0.04939
    },
    "mteb_dataset_name": "MSMARCO"
}