{
    "dataset_version": null,
    "mteb_version": "0.0.2",
    "test": {
        "evaluation_time": 19170.89,
        "map_at_1": 0.01061,
        "map_at_10": 0.07233,
        "map_at_100": 0.19772,
        "map_at_1000": 0.24519,
        "map_at_3": 0.02918,
        "map_at_5": 0.04365,
        "ndcg_at_1": 0.42636,
        "ndcg_at_10": 0.4111,
        "ndcg_at_100": 0.3885,
        "ndcg_at_1000": 0.47855,
        "ndcg_at_3": 0.44119,
        "ndcg_at_5": 0.43766,
        "precision_at_1": 0.55814,
        "precision_at_10": 0.4907,
        "precision_at_100": 0.24512,
        "precision_at_1000": 0.05244,
        "precision_at_3": 0.56589,
        "precision_at_5": 0.54884,
        "recall_at_1": 0.01061,
        "recall_at_10": 0.08462,
        "recall_at_100": 0.31514,
        "recall_at_1000": 0.5769,
        "recall_at_3": 0.0304,
        "recall_at_5": 0.04939
    }
}