{
    "test": {
        "evaluation_time": 7045.66,
        "map_at_1": 0.17444,
        "map_at_10": 0.29198,
        "map_at_100": 0.30553,
        "map_at_1000": 0.30614,
        "map_at_3": 0.24992,
        "map_at_5": 0.27323,
        "ndcg_at_1": 0.19641,
        "ndcg_at_10": 0.36324,
        "ndcg_at_100": 0.42641,
        "ndcg_at_1000": 0.44089,
        "ndcg_at_3": 0.28,
        "ndcg_at_5": 0.32025,
        "precision_at_1": 0.19641,
        "precision_at_10": 0.06634,
        "precision_at_100": 0.01024,
        "precision_at_1000": 0.00116,
        "precision_at_3": 0.1321,
        "precision_at_5": 0.10162,
        "recall_at_1": 0.17444,
        "recall_at_10": 0.56231,
        "recall_at_100": 0.84618,
        "recall_at_1000": 0.95416,
        "recall_at_3": 0.34246,
        "recall_at_5": 0.43617
    },
    "dataset_version": null,
    "mteb_version": "0.0.2"
}