{
  "test": {
    "evaluation_time": 41.69,
    "map": 0.4846269194141537,
    "mrr": 0.4911958343943638
  },
  "validation": {
    "evaluation_time": 39.77,
    "map": 0.4846269194141537,
    "mrr": 0.4911958343943638
  }
}