{
    "test": {
        "accuracy": 0.6819919999999999,
        "accuracy_stderr": 0.03323727690410271,
        "ap": 0.14328836562980976,
        "ap_stderr": 0.006082233042799293,
        "evaluation_time": 942.36,
        "f1": 0.5333893474325896,
        "f1_stderr": 0.01874815419016859,
        "main_score": 0.14328836562980976
    },
    "mteb_version": "0.0.2",
    "mteb_dataset_name": "ToxicConversationsClassification",
    "dataset_revision": "edfaf9da55d3dd50d43143d90c1ac476895ae6de"
}