{
    "dataset_version": null,
    "mteb_version": "0.0.2",
    "test": {
        "evaluation_time": 134.53,
        "ndcg_at_1": 0.18721,
        "ndcg_at_3": 0.22957,
        "ndcg_at_5": 0.24378,
        "ndcg_at_10": 0.26469,
        "ndcg_at_100": 0.31762,
        "ndcg_at_1000": 0.3495
    }
}
