{
    "test": {
        "evaluation_time": 10245.43,
        "ndcg_at_1": 0.17439,
        "ndcg_at_3": 0.23938,
        "ndcg_at_5": 0.26684,
        "ndcg_at_10": 0.29726,
        "ndcg_at_100": 0.34802,
        "ndcg_at_1000": 0.36888
    },
    "dataset_version": null,
    "mteb_version": "0.0.2"
}
