{
    "dataset_version": null,
    "mteb_version": "0.0.2",
    "test": {
        "evaluation_time": 296.55,
        "map_at_1": 0.54717,
        "map_at_10": 0.67514,
        "map_at_100": 0.68484,
        "map_at_1000": 0.68523,
        "map_at_3": 0.64169,
        "map_at_5": 0.66054,
        "mrr_at_1": 0.6246,
        "mrr_at_10": 0.71503,
        "mrr_at_100": 0.71915,
        "mrr_at_1000": 0.71923,
        "mrr_at_3": 0.69468,
        "mrr_at_5": 0.70677,
        "ndcg_at_1": 0.6248,
        "ndcg_at_10": 0.7298,
        "ndcg_at_100": 0.76023,
        "ndcg_at_1000": 0.76512,
        "ndcg_at_3": 0.68138,
        "ndcg_at_5": 0.70458,
        "precision_at_1": 0.6248,
        "precision_at_10": 0.11373,
        "precision_at_100": 0.01437,
        "precision_at_1000": 0.00154,
        "precision_at_3": 0.29623,
        "precision_at_5": 0.19918,
        "recall_at_1": 0.54717,
        "recall_at_10": 0.84745,
        "recall_at_100": 0.96528,
        "recall_at_1000": 0.9939,
        "recall_at_3": 0.71606,
        "recall_at_5": 0.77511
    },
    "mteb_dataset_name": "QuoraRetrieval"
}