{
    "mteb_version": "0.0.2",
    "test": {
        "evaluation_time": 102.89,
        "map_at_1": 0.43333,
        "map_at_10": 0.52364,
        "map_at_100": 0.53184,
        "map_at_1000": 0.53234,
        "map_at_3": 0.49832,
        "map_at_5": 0.51244,
        "mrr_at_1": 0.45333,
        "mrr_at_10": 0.53455,
        "mrr_at_100": 0.54191,
        "mrr_at_1000": 0.54235,
        "mrr_at_3": 0.51556,
        "mrr_at_5": 0.52622,
        "ndcg_at_1": 0.45333,
        "ndcg_at_10": 0.56899,
        "ndcg_at_100": 0.60702,
        "ndcg_at_1000": 0.62046,
        "ndcg_at_3": 0.52451,
        "ndcg_at_5": 0.54534,
        "precision_at_1": 0.45333,
        "precision_at_10": 0.078,
        "precision_at_100": 0.00987,
        "precision_at_1000": 0.0011,
        "precision_at_3": 0.20778,
        "precision_at_5": 0.13867,
        "recall_at_1": 0.43333,
        "recall_at_10": 0.697,
        "recall_at_100": 0.869,
        "recall_at_1000": 0.976,
        "recall_at_3": 0.57817,
        "recall_at_5": 0.62828
    },
    "mteb_dataset_name": "SciFact",
    "dataset_revision": "a75ae049398addde9b70f6b268875f5cbce99089"
}