{
    "dataset_version": null,
    "mteb_version": "0.0.2",
    "test": {
        "evaluation_time": 144.35,
        "map_at_1": 0.15145,
        "map_at_10": 0.21739,
        "map_at_100": 0.22701,
        "map_at_1000": 0.22802,
        "map_at_3": 0.19661,
        "map_at_5": 0.20697,
        "ndcg_at_1": 0.17931,
        "ndcg_at_10": 0.25704,
        "ndcg_at_100": 0.30597,
        "ndcg_at_1000": 0.33368,
        "ndcg_at_3": 0.21787,
        "ndcg_at_5": 0.23407,
        "precision_at_1": 0.17931,
        "precision_at_10": 0.04502,
        "precision_at_100": 0.00771,
        "precision_at_1000": 0.00109,
        "precision_at_3": 0.10115,
        "precision_at_5": 0.07172,
        "recall_at_1": 0.15145,
        "recall_at_10": 0.35327,
        "recall_at_100": 0.58009,
        "recall_at_1000": 0.7897,
        "recall_at_3": 0.2442,
        "recall_at_5": 0.28518
    }
}