{
    "dataset_version": null,
    "mteb_version": "0.0.2",
    "test": {
        "accuracy": 0.42219999999999996,
        "accuracy_stderr": 0.024662927644543736,
        "evaluation_time": 11.53,
        "f1": 0.37671161655726626,
        "f1_stderr": 0.020128885954158487,
        "main_score": 0.42219999999999996
    }
}