{
    "dataset_version": null,
    "mteb_version": "0.0.2",
    "test": {
        "en": {
            "accuracy": 0.5983860121049093,
            "accuracy_stderr": 0.012554419997622832,
            "f1": 0.5864918673938532,
            "f1_stderr": 0.011126193030236053,
            "main_score": 0.5983860121049093
        },
        "evaluation_time": 22.84
    },
    "mteb_dataset_name": "MassiveIntentClassification"
}