{
    "mteb_version": "0.0.2",
    "test": {
        "cos_sim": {
            "pearson": 0.7895007722940532,
            "spearman": 0.7972498368805553
        },
        "euclidean": {
            "pearson": 0.7912815238892588,
            "spearman": 0.7955241868996231
        },
        "evaluation_time": 7.31,
        "manhattan": {
            "pearson": 0.7908047928431274,
            "spearman": 0.7949849240192323
        }
    },
    "mteb_dataset_name": "STS15",
    "dataset_revision": "1cd7298cac12a96a373b6a2f18738bb3e739a9b6"
}