{
  "dataset_revision": "1399c76144fd37290681b995c656ef9b2e06e26d",
  "mteb_dataset_name": "AmazonReviewsClassification",
  "mteb_version": "1.7.56",
  "test": {
    "evaluation_time": 200.54,
    "fr": {
      "accuracy": 0.42840000000000006,
      "accuracy_stderr": 0.02045130802662754,
      "f1": 0.41685707187152177,
      "f1_stderr": 0.022671371674208442,
      "main_score": 0.42840000000000006
    }
  }
}