{
  "dataset_revision": "8ccc72e69e65f40c70e117d8b3c08306bb788b60",
  "mteb_dataset_name": "MasakhaNEWSClassification",
  "mteb_version": "1.7.56",
  "test": {
    "evaluation_time": 48.88,
    "fra": {
      "accuracy": 0.7646919431279622,
      "accuracy_stderr": 0.03689460073076535,
      "f1": 0.7200577624131534,
      "f1_stderr": 0.03783134024133783,
      "main_score": 0.7646919431279622
    }
  }
}