{
  "dataset_revision": "9e9b1f8ef51616073f47f306f7f47dd91663f86a",
  "mteb_dataset_name": "OpusparcusPC",
  "mteb_version": "1.1.3.dev0",
  "test.full": {
    "evaluation_time": 75.81,
    "fr": {
      "cos_sim": {
        "accuracy": 0.8358310626702997,
        "accuracy_threshold": 0.4937974990686813,
        "ap": 0.9444824312907959,
        "f1": 0.8874538745387454,
        "f1_threshold": 0.4702593173432657,
        "precision": 0.8285960378983634,
        "recall": 0.9553128103277061
      },
      "dot": {
        "accuracy": 0.8358310626702997,
        "accuracy_threshold": 0.4937975170207922,
        "ap": 0.9444824312907959,
        "f1": 0.8874538745387454,
        "f1_threshold": 0.4702593636464882,
        "precision": 0.8285960378983634,
        "recall": 0.9553128103277061
      },
      "euclidean": {
        "accuracy": 0.8358310626702997,
        "accuracy_threshold": 1.0061833708367858,
        "ap": 0.9444824312907959,
        "f1": 0.8874538745387454,
        "f1_threshold": 1.0293111180057597,
        "precision": 0.8285960378983634,
        "recall": 0.9553128103277061
      },
      "manhattan": {
        "accuracy": 0.8371934604904632,
        "accuracy_threshold": 30.867270795484444,
        "ap": 0.9444222080259642,
        "f1": 0.8864265927977839,
        "f1_threshold": 31.89504571030716,
        "precision": 0.8283002588438308,
        "recall": 0.9533267130089375
      },
      "max": {
        "accuracy": 0.8371934604904632,
        "ap": 0.9444824312907959,
        "f1": 0.8874538745387454
      }
    }
  },
  "validation.full": {
    "evaluation_time": 77.29,
    "fr": {
      "cos_sim": {
        "accuracy": 0.8390313390313391,
        "accuracy_threshold": 0.5227289958876422,
        "ap": 0.952465716551754,
        "f1": 0.8902851619139681,
        "f1_threshold": 0.49276720341178815,
        "precision": 0.8591417910447762,
        "recall": 0.9237713139418254
      },
      "dot": {
        "accuracy": 0.8390313390313391,
        "accuracy_threshold": 0.5227290057003299,
        "ap": 0.952465716551754,
        "f1": 0.8902851619139681,
        "f1_threshold": 0.49276721217294706,
        "precision": 0.8591417910447762,
        "recall": 0.9237713139418254
      },
      "euclidean": {
        "accuracy": 0.8390313390313391,
        "accuracy_threshold": 0.9770066520254475,
        "ap": 0.952465716551754,
        "f1": 0.8902851619139681,
        "f1_threshold": 1.0072068334150275,
        "precision": 0.8591417910447762,
        "recall": 0.9237713139418254
      },
      "manhattan": {
        "accuracy": 0.8376068376068376,
        "accuracy_threshold": 30.211468944278295,
        "ap": 0.9522134387452755,
        "f1": 0.8899567515617491,
        "f1_threshold": 31.382311355344314,
        "precision": 0.8542435424354243,
        "recall": 0.9287863590772317
      },
      "max": {
        "accuracy": 0.8390313390313391,
        "ap": 0.952465716551754,
        "f1": 0.8902851619139681
      }
    }
  }
}