{
  "dataset_revision": "5effa1b9b5fa3b0f9e12523e6e43e5f86a6e6d59",
  "mteb_dataset_name": "BSARDRetrieval",
  "mteb_version": "1.1.2.dev0",
  "test": {
    "evaluation_time": 628.56,
    "map_at_1": 0.0,
    "map_at_10": 0.00056,
    "map_at_100": 0.00118,
    "map_at_1000": 0.00176,
    "map_at_3": 0.0,
    "map_at_5": 0.0,
    "mrr_at_1": 0.0,
    "mrr_at_10": 0.00056,
    "mrr_at_100": 0.00118,
    "mrr_at_1000": 0.00176,
    "mrr_at_3": 0.0,
    "mrr_at_5": 0.0,
    "ndcg_at_1": 0.0,
    "ndcg_at_10": 0.00142,
    "ndcg_at_100": 0.00624,
    "ndcg_at_1000": 0.02995,
    "ndcg_at_3": 0.0,
    "ndcg_at_5": 0.0,
    "precision_at_1": 0.0,
    "precision_at_10": 0.00045,
    "precision_at_100": 0.00032,
    "precision_at_1000": 0.00024,
    "precision_at_3": 0.0,
    "precision_at_5": 0.0,
    "recall_at_1": 0.0,
    "recall_at_10": 0.0045,
    "recall_at_100": 0.03153,
    "recall_at_1000": 0.23874,
    "recall_at_3": 0.0,
    "recall_at_5": 0.0
  }
}