{
  "dataset_revision": "80dc3040d19756742c9a18267ab30f54fb8e226b",
  "dev": {
    "eng_Latn-fra_Latn": {
      "accuracy": 0.6940822467402207,
      "f1": 0.6499806439094893,
      "main_score": 0.6499806439094893,
      "precision": 0.6339420642881023,
      "recall": 0.6940822467402207
    },
    "evaluation_time": 3.12,
    "fra_Latn-eng_Latn": {
      "accuracy": 0.6930792377131394,
      "f1": 0.6332293277880038,
      "main_score": 0.6332293277880038,
      "precision": 0.6113790505716283,
      "recall": 0.6930792377131394
    }
  },
  "mteb_dataset_name": "FloresBitextMining",
  "mteb_version": "1.1.2.dev0"
}