{
  "dataset_revision": "8a04d940a42cd40658986fdd8e3da561533a3646",
  "mteb_dataset_name": "PawsX",
  "mteb_version": "1.1.3.dev0",
  "test": {
    "evaluation_time": 2.53,
    "fr": {
      "cos_sim": {
        "accuracy": 0.564,
        "accuracy_threshold": 0.9923265985316547,
        "ap": 0.5073485498358526,
        "f1": 0.6255230125523012,
        "f1_threshold": 0.8854959978245174,
        "precision": 0.45648854961832064,
        "recall": 0.9933554817275747
      },
      "dot": {
        "accuracy": 0.564,
        "accuracy_threshold": 0.9923266358923903,
        "ap": 0.5067799803410185,
        "f1": 0.6255230125523012,
        "f1_threshold": 0.8854960111077619,
        "precision": 0.45648854961832064,
        "recall": 0.9933554817275747
      },
      "euclidean": {
        "accuracy": 0.564,
        "accuracy_threshold": 0.12388220501537019,
        "ap": 0.5073485498358526,
        "f1": 0.6255230125523012,
        "f1_threshold": 0.47854780211968184,
        "precision": 0.45648854961832064,
        "recall": 0.9933554817275747
      },
      "manhattan": {
        "accuracy": 0.5635,
        "accuracy_threshold": 2.706279506108558,
        "ap": 0.5073437077216544,
        "f1": 0.6249134948096886,
        "f1_threshold": 19.026859030628657,
        "precision": 0.4544539506794162,
        "recall": 1.0
      },
      "max": {
        "accuracy": 0.564,
        "ap": 0.5073485498358526,
        "f1": 0.6255230125523012
      }
    }
  }
}