{
  "dataset_revision": "e077ab4cf4774a1e36d86d593b150422fafd8e8a",
  "mteb_dataset_name": "SICKFr",
  "mteb_version": "1.1.2.dev0",
  "test": {
    "cos_sim": {
      "pearson": 0.6540948253087818,
      "spearman": 0.6168581678045449
    },
    "euclidean": {
      "pearson": 0.6338782734247702,
      "spearman": 0.6168577783198111
    },
    "evaluation_time": 3.48,
    "manhattan": {
      "pearson": 0.6335914340238613,
      "spearman": 0.6166060418957889
    }
  }
}