{
  "dataset_revision": "77f7e271bf4a92b24fce5119f3486b583ca016ff",
  "mteb_dataset_name": "SyntecRetrieval",
  "mteb_version": "1.1.2.dev0",
  "test": {
    "evaluation_time": 0.55,
    "map_at_1": 0.08,
    "map_at_10": 0.13944,
    "map_at_100": 0.16656,
    "map_at_1000": 0.16656,
    "map_at_3": 0.12,
    "map_at_5": 0.13,
    "mrr_at_1": 0.08,
    "mrr_at_10": 0.13944,
    "mrr_at_100": 0.16656,
    "mrr_at_1000": 0.16656,
    "mrr_at_3": 0.12,
    "mrr_at_5": 0.13,
    "ndcg_at_1": 0.08,
    "ndcg_at_10": 0.17519,
    "ndcg_at_100": 0.32122,
    "ndcg_at_1000": 0.32122,
    "ndcg_at_3": 0.13524,
    "ndcg_at_5": 0.15246,
    "precision_at_1": 0.08,
    "precision_at_10": 0.029,
    "precision_at_100": 0.01,
    "precision_at_1000": 0.001,
    "precision_at_3": 0.06,
    "precision_at_5": 0.044,
    "recall_at_1": 0.08,
    "recall_at_10": 0.29,
    "recall_at_100": 1.0,
    "recall_at_1000": 1.0,
    "recall_at_3": 0.18,
    "recall_at_5": 0.22
  }
}