{
  "dataset_revision": "5effa1b9b5fa3b0f9e12523e6e43e5f86a6e6d59",
  "evaluation_time": 8591.666689395905,
  "kg_co2_emissions": null,
  "mteb_version": "1.11.19",
  "scores": {
    "test": [
      {
        "hf_subset": "default",
        "languages": [
          "fra-Latn"
        ],
        "main_score": 0.64414,
        "map_at_1": 0.15766,
        "map_at_10": 0.22598,
        "map_at_100": 0.23648,
        "map_at_1000": 0.23736,
        "map_at_20": 0.2324,
        "map_at_3": 0.20045,
        "map_at_5": 0.21374,
        "mrr_at_1": 0.15766,
        "mrr_at_10": 0.22598,
        "mrr_at_100": 0.23648,
        "mrr_at_1000": 0.23736,
        "mrr_at_20": 0.2324,
        "mrr_at_3": 0.20045,
        "mrr_at_5": 0.21374,
        "ndcg_at_1": 0.15766,
        "ndcg_at_10": 0.26636,
        "ndcg_at_100": 0.31884,
        "ndcg_at_1000": 0.3436,
        "ndcg_at_20": 0.2901,
        "ndcg_at_3": 0.2138,
        "ndcg_at_5": 0.23784,
        "precision_at_1": 0.15766,
        "precision_at_10": 0.03964,
        "precision_at_100": 0.00644,
        "precision_at_1000": 0.00084,
        "precision_at_20": 0.02455,
        "precision_at_3": 0.08408,
        "precision_at_5": 0.06216,
        "recall_at_1": 0.15766,
        "recall_at_10": 0.3964,
        "recall_at_100": 0.64414,
        "recall_at_1000": 0.84234,
        "recall_at_20": 0.49099,
        "recall_at_3": 0.25225,
        "recall_at_5": 0.31081
      }
    ]
  },
  "task_name": "BSARDRetrieval"
}