{
  "dataset_revision": "5345895c56a601afe1a98519ce3199be60a27dba",
  "mteb_dataset_name": "DiaBLaBitextMining",
  "mteb_version": "1.1.2.dev0",
  "test": {
    "evaluation_time": 395.45,
    "fr-en": {
      "accuracy": 0.009916492693110648,
      "f1": 0.007426228877037484,
      "main_score": 0.007426228877037484,
      "precision": 0.006993358016821601,
      "recall": 0.009916492693110648
    }
  }
}