{
  "dataset_revision": "80dc3040d19756742c9a18267ab30f54fb8e226b",
  "dev": {
    "eng_Latn-fra_Latn": {
      "accuracy": 0.6579739217652959,
      "f1": 0.6295424735745699,
      "main_score": 0.6295424735745699,
      "precision": 0.6201326361222527,
      "recall": 0.6579739217652959
    },
    "evaluation_time": 250.19,
    "fra_Latn-eng_Latn": {
      "accuracy": 0.5015045135406219,
      "f1": 0.4810461602296786,
      "main_score": 0.4810461602296786,
      "precision": 0.4750255659962722,
      "recall": 0.5015045135406219
    }
  },
  "mteb_dataset_name": "FloresBitextMining",
  "mteb_version": "1.1.2.dev0"
}