{
  "dataset_revision": "8ccc72e69e65f40c70e117d8b3c08306bb788b60",
  "mteb_dataset_name": "MasakhaNEWSClassification",
  "mteb_version": "1.1.2.dev0",
  "test": {
    "evaluation_time": 2662.53,
    "fra": {
      "accuracy": 0.8056872037914692,
      "accuracy_stderr": 0.022950331777826075,
      "f1": 0.7633231001575127,
      "f1_stderr": 0.02560240849721738,
      "main_score": 0.8056872037914692
    }
  }
}