{
  "dataset_revision": "ae001d0e6b1228650b7bd1c2c65fb50ad11a8aba",
  "mteb_dataset_name": "MTOPIntentClassification",
  "mteb_version": "1.1.2.dev0",
  "test": {
    "evaluation_time": 294.87,
    "fr": {
      "accuracy": 0.5397118697150015,
      "accuracy_stderr": 0.0331124334718653,
      "f1": 0.3456962358374291,
      "f1_stderr": 0.006611721737741909,
      "main_score": 0.5397118697150015
    }
  }
}