{
  "dataset_revision": "9e9b1f8ef51616073f47f306f7f47dd91663f86a",
  "mteb_dataset_name": "OpusparcusPC",
  "mteb_version": "1.1.3.dev0",
  "test.full": {
    "evaluation_time": 63.06,
    "fr": {
      "cos_sim": {
        "accuracy": 0.7513623978201635,
        "accuracy_threshold": 0.7813789194095986,
        "ap": 0.8849687629254399,
        "f1": 0.8260869565217391,
        "f1_threshold": 0.7255406385872948,
        "precision": 0.7465918203688853,
        "recall": 0.9245283018867925
      },
      "dot": {
        "accuracy": 0.7513623978201635,
        "accuracy_threshold": 0.7813789449757844,
        "ap": 0.8849687629254399,
        "f1": 0.8260869565217391,
        "f1_threshold": 0.7255406000806509,
        "precision": 0.7465918203688853,
        "recall": 0.9245283018867925
      },
      "euclidean": {
        "accuracy": 0.7513623978201635,
        "accuracy_threshold": 0.6612428786471676,
        "ap": 0.8849687629254399,
        "f1": 0.8260869565217391,
        "f1_threshold": 0.7408902927752608,
        "precision": 0.7465918203688853,
        "recall": 0.9245283018867925
      },
      "manhattan": {
        "accuracy": 0.7615803814713896,
        "accuracy_threshold": 31.850376718001456,
        "ap": 0.8906274810217772,
        "f1": 0.8333333333333333,
        "f1_threshold": 31.850376718001456,
        "precision": 0.8005489478499542,
        "recall": 0.8689175769612711
      },
      "max": {
        "accuracy": 0.7615803814713896,
        "ap": 0.8906274810217772,
        "f1": 0.8333333333333333
      }
    }
  },
  "validation.full": {
    "evaluation_time": 67.81,
    "fr": {
      "cos_sim": {
        "accuracy": 0.7685185185185185,
        "accuracy_threshold": 0.7745134791978636,
        "ap": 0.9018852564940179,
        "f1": 0.8480662983425413,
        "f1_threshold": 0.7466623932107994,
        "precision": 0.7838297872340425,
        "recall": 0.9237713139418254
      },
      "dot": {
        "accuracy": 0.7685185185185185,
        "accuracy_threshold": 0.7745134509839274,
        "ap": 0.9018852564940179,
        "f1": 0.8480662983425413,
        "f1_threshold": 0.7466624374012032,
        "precision": 0.7838297872340425,
        "recall": 0.9237713139418254
      },
      "euclidean": {
        "accuracy": 0.7685185185185185,
        "accuracy_threshold": 0.6715451938329736,
        "ap": 0.9018852564940179,
        "f1": 0.8480662983425413,
        "f1_threshold": 0.7118110899125583,
        "precision": 0.7838297872340425,
        "recall": 0.9237713139418254
      },
      "manhattan": {
        "accuracy": 0.7735042735042735,
        "accuracy_threshold": 31.84579807236583,
        "ap": 0.9057424074720076,
        "f1": 0.8504371836171192,
        "f1_threshold": 33.00017730030481,
        "precision": 0.7857142857142857,
        "recall": 0.9267803410230692
      },
      "max": {
        "accuracy": 0.7735042735042735,
        "ap": 0.9057424074720076,
        "f1": 0.8504371836171192
      }
    }
  }
}