{
  "dataset_revision": "e077ab4cf4774a1e36d86d593b150422fafd8e8a",
  "evaluation_time": 334.13644576072693,
  "kg_co2_emissions": null,
  "mteb_version": "1.11.19",
  "scores": {
    "test": [
      {
        "cos_sim": {
          "pearson": 0.8242357265632352,
          "spearman": 0.7914808164798864
        },
        "euclidean": {
          "pearson": 0.7951618028709236,
          "spearman": 0.7914808925163027
        },
        "hf_subset": "default",
        "languages": [
          "fra-Latn"
        ],
        "main_score": 0.7914808164798864,
        "manhattan": {
          "pearson": 0.8009645746367186,
          "spearman": 0.7957669954910931
        }
      }
    ]
  },
  "task_name": "SICKFr"
}