{
  "dataset_revision": "93d57ef91790589e3ce9c365164337a8a78b7632",
  "mteb_dataset_name": "STSBenchmarkMultilingualSTS",
  "mteb_version": "1.1.2.dev0",
  "test": {
    "evaluation_time": 2.24,
    "fr": {
      "cos_sim": {
        "pearson": 0.8235852518662029,
        "spearman": 0.8163901919126012
      },
      "euclidean": {
        "pearson": 0.8067014843747583,
        "spearman": 0.8163901919126012
      },
      "manhattan": {
        "pearson": 0.8079386690795383,
        "spearman": 0.8167887352270486
      }
    }
  }
}