{
  "dataset_revision": "392ba3f5bcc8c51f578786c1fc3dae648662cb9b",
  "mteb_dataset_name": "AlloprofRetrieval",
  "mteb_version": "1.1.2.dev0",
  "test": {
    "evaluation_time": 758.38,
    "map_at_1": 0.3506,
    "map_at_10": 0.46605,
    "map_at_100": 0.47391,
    "map_at_1000": 0.47436,
    "map_at_3": 0.43495,
    "map_at_5": 0.45463,
    "mrr_at_1": 0.3506,
    "mrr_at_10": 0.46605,
    "mrr_at_100": 0.47391,
    "mrr_at_1000": 0.47436,
    "mrr_at_3": 0.43495,
    "mrr_at_5": 0.45463,
    "ndcg_at_1": 0.3506,
    "ndcg_at_10": 0.52603,
    "ndcg_at_100": 0.56428,
    "ndcg_at_1000": 0.57641,
    "ndcg_at_3": 0.46293,
    "ndcg_at_5": 0.49854,
    "precision_at_1": 0.3506,
    "precision_at_10": 0.07155,
    "precision_at_100": 0.00894,
    "precision_at_1000": 0.00099,
    "precision_at_3": 0.18135,
    "precision_at_5": 0.12617,
    "recall_at_1": 0.3506,
    "recall_at_10": 0.71546,
    "recall_at_100": 0.89421,
    "recall_at_1000": 0.9905,
    "recall_at_3": 0.54404,
    "recall_at_5": 0.63083
  }
}