{
  "dataset_revision": "5effa1b9b5fa3b0f9e12523e6e43e5f86a6e6d59",
  "mteb_dataset_name": "BSARDRetrieval",
  "mteb_version": "1.1.2.dev0",
  "test": {
    "evaluation_time": 2614.78,
    "map_at_1": 0.0,
    "map_at_10": 0.00121,
    "map_at_100": 0.00364,
    "map_at_1000": 0.00442,
    "map_at_3": 0.0,
    "map_at_5": 0.0,
    "mrr_at_1": 0.0,
    "mrr_at_10": 0.00121,
    "mrr_at_100": 0.00364,
    "mrr_at_1000": 0.00442,
    "mrr_at_3": 0.0,
    "mrr_at_5": 0.0,
    "ndcg_at_1": 0.0,
    "ndcg_at_10": 0.00292,
    "ndcg_at_100": 0.01708,
    "ndcg_at_1000": 0.04399,
    "ndcg_at_3": 0.0,
    "ndcg_at_5": 0.0,
    "precision_at_1": 0.0,
    "precision_at_10": 0.0009,
    "precision_at_100": 0.00081,
    "precision_at_1000": 0.00031,
    "precision_at_3": 0.0,
    "precision_at_5": 0.0,
    "recall_at_1": 0.0,
    "recall_at_10": 0.00901,
    "recall_at_100": 0.08108,
    "recall_at_1000": 0.30631,
    "recall_at_3": 0.0,
    "recall_at_5": 0.0
  }
}