{
  "dataset_revision": "5effa1b9b5fa3b0f9e12523e6e43e5f86a6e6d59",
  "mteb_dataset_name": "BSARDRetrieval",
  "mteb_version": "1.7.56",
  "test": {
    "evaluation_time": 27.81,
    "map_at_1": 0.1036,
    "map_at_10": 0.19234,
    "map_at_100": 0.202,
    "map_at_1000": 0.20274,
    "map_at_20": 0.19649,
    "map_at_3": 0.16592,
    "map_at_5": 0.17853,
    "mrr_at_1": 0.1036,
    "mrr_at_10": 0.19234,
    "mrr_at_100": 0.202,
    "mrr_at_1000": 0.20274,
    "mrr_at_20": 0.19649,
    "mrr_at_3": 0.16592,
    "mrr_at_5": 0.17853,
    "ndcg_at_1": 0.1036,
    "ndcg_at_10": 0.2418,
    "ndcg_at_100": 0.29749,
    "ndcg_at_1000": 0.32102,
    "ndcg_at_20": 0.25747,
    "ndcg_at_3": 0.18581,
    "ndcg_at_5": 0.2083,
    "precision_at_1": 0.1036,
    "precision_at_10": 0.04009,
    "precision_at_100": 0.0068,
    "precision_at_1000": 0.00087,
    "precision_at_20": 0.0232,
    "precision_at_3": 0.08108,
    "precision_at_5": 0.05946,
    "recall_at_1": 0.1036,
    "recall_at_10": 0.4009,
    "recall_at_100": 0.68018,
    "recall_at_1000": 0.87387,
    "recall_at_20": 0.46396,
    "recall_at_3": 0.24324,
    "recall_at_5": 0.2973
  }
}