{
  "dataset_revision": "9e9b1f8ef51616073f47f306f7f47dd91663f86a",
  "mteb_dataset_name": "OpusparcusPC",
  "mteb_version": "1.1.2.dev0",
  "test": {
    "evaluation_time": 85.27,
    "fr": {
      "cos_sim": {
        "accuracy": 0.9990069513406157,
        "accuracy_threshold": 0.736740510494895,
        "ap": 1.0,
        "f1": 0.9995032290114257,
        "f1_threshold": 0.736740510494895,
        "precision": 1.0,
        "recall": 0.9990069513406157
      },
      "dot": {
        "accuracy": 0.9990069513406157,
        "accuracy_threshold": 0.7367405150468482,
        "ap": 1.0,
        "f1": 0.9995032290114257,
        "f1_threshold": 0.7367405150468482,
        "precision": 1.0,
        "recall": 0.9990069513406157
      },
      "euclidean": {
        "accuracy": 0.9990069513406157,
        "accuracy_threshold": 0.7255700964912678,
        "ap": 1.0,
        "f1": 0.9995032290114257,
        "f1_threshold": 0.7255700964912678,
        "precision": 1.0,
        "recall": 0.9990069513406157
      },
      "manhattan": {
        "accuracy": 0.9990069513406157,
        "accuracy_threshold": 22.68285751955227,
        "ap": 1.0,
        "f1": 0.9995032290114257,
        "f1_threshold": 22.68285751955227,
        "precision": 1.0,
        "recall": 0.9990069513406157
      },
      "max": {
        "accuracy": 0.9990069513406157,
        "ap": 1.0,
        "f1": 0.9995032290114257
      }
    }
  }
}