{
  "dataset_revision": "31efe3c427b0bae9c22cbb560b8f15491cc6bed7",
  "mteb_dataset_name": "MassiveIntentClassification",
  "mteb_version": "1.1.2.dev0",
  "test": {
    "evaluation_time": 7.11,
    "fr": {
      "accuracy": 0.4481506388702085,
      "accuracy_stderr": 0.023517524577099,
      "f1": 0.42613350883262935,
      "f1_stderr": 0.015593267127668911,
      "main_score": 0.4481506388702085
    }
  }
}