{
  "dataset_revision": "9e9b1f8ef51616073f47f306f7f47dd91663f86a",
  "mteb_dataset_name": "OpusparcusPC",
  "mteb_version": "1.1.3.dev0",
  "test.full": {
    "evaluation_time": 1.83,
    "fr": {
      "cos_sim": {
        "accuracy": 0.7173024523160763,
        "accuracy_threshold": 0.3738726054076462,
        "ap": 0.8734880754144339,
        "f1": 0.8182201602699284,
        "f1_threshold": 0.27960120153591056,
        "precision": 0.7111436950146628,
        "recall": 0.9632571996027806
      },
      "dot": {
        "accuracy": 0.7173024523160763,
        "accuracy_threshold": 0.3738726191286918,
        "ap": 0.8734880754144339,
        "f1": 0.8182201602699284,
        "f1_threshold": 0.2796012216822342,
        "precision": 0.7111436950146628,
        "recall": 0.9632571996027806
      },
      "euclidean": {
        "accuracy": 0.7173024523160763,
        "accuracy_threshold": 1.1190419269045175,
        "ap": 0.8734880754144339,
        "f1": 0.8182201602699284,
        "f1_threshold": 1.2003323219239468,
        "precision": 0.7111436950146628,
        "recall": 0.9632571996027806
      },
      "manhattan": {
        "accuracy": 0.7125340599455041,
        "accuracy_threshold": 17.312423754423435,
        "ap": 0.8729343146767458,
        "f1": 0.8170070862859525,
        "f1_threshold": 18.98639423556051,
        "precision": 0.7040229885057471,
        "recall": 0.9731876861966237
      },
      "max": {
        "accuracy": 0.7173024523160763,
        "ap": 0.8734880754144339,
        "f1": 0.8182201602699284
      }
    }
  },
  "validation.full": {
    "evaluation_time": 1.72,
    "fr": {
      "cos_sim": {
        "accuracy": 0.7378917378917379,
        "accuracy_threshold": 0.3837194422019337,
        "ap": 0.8779525332075913,
        "f1": 0.835960801022582,
        "f1_threshold": 0.27035704484408996,
        "precision": 0.7266666666666667,
        "recall": 0.9839518555667001
      },
      "dot": {
        "accuracy": 0.7378917378917379,
        "accuracy_threshold": 0.38371945736795454,
        "ap": 0.8779525332075913,
        "f1": 0.835960801022582,
        "f1_threshold": 0.27035705153955614,
        "precision": 0.7266666666666667,
        "recall": 0.9839518555667001
      },
      "euclidean": {
        "accuracy": 0.7378917378917379,
        "accuracy_threshold": 1.1102077109799482,
        "ap": 0.8779525332075913,
        "f1": 0.835960801022582,
        "f1_threshold": 1.2080088684804715,
        "precision": 0.7266666666666667,
        "recall": 0.9839518555667001
      },
      "manhattan": {
        "accuracy": 0.7407407407407407,
        "accuracy_threshold": 16.897231028613533,
        "ap": 0.8773072879909247,
        "f1": 0.8343245539507221,
        "f1_threshold": 18.910376916998757,
        "precision": 0.7236551215917465,
        "recall": 0.9849548645937813
      },
      "max": {
        "accuracy": 0.7407407407407407,
        "ap": 0.8779525332075913,
        "f1": 0.835960801022582
      }
    }
  }
}