{
  "dataset_revision": "93d57ef91790589e3ce9c365164337a8a78b7632",
  "mteb_dataset_name": "STSBenchmarkMultilingualSTS",
  "mteb_version": "1.1.2.dev0",
  "test": {
    "evaluation_time": 1.75,
    "fr": {
      "cos_sim": {
        "pearson": 0.6765721183604104,
        "spearman": 0.6667725575200975
      },
      "euclidean": {
        "pearson": 0.6633511173300686,
        "spearman": 0.6667725575200975
      },
      "manhattan": {
        "pearson": 0.6621396275805511,
        "spearman": 0.6658638054715457
      }
    }
  }
}