{
    "mteb_version": "0.0.2",
    "test": {
        "evaluation_time": 2467.52,
        "map_at_1": 0.26651,
        "map_at_10": 0.36901,
        "map_at_100": 0.38249,
        "map_at_1000": 0.38361,
        "map_at_3": 0.33891,
        "map_at_5": 0.35439,
        "mrr_at_1": 0.32724,
        "mrr_at_10": 0.42504,
        "mrr_at_100": 0.43392,
        "mrr_at_1000": 0.43436,
        "mrr_at_3": 0.3999,
        "mrr_at_5": 0.41347,
        "ndcg_at_1": 0.32724,
        "ndcg_at_10": 0.43007,
        "ndcg_at_100": 0.48601,
        "ndcg_at_1000": 0.50697,
        "ndcg_at_3": 0.3799,
        "ndcg_at_5": 0.40084,
        "precision_at_1": 0.32724,
        "precision_at_10": 0.07873,
        "precision_at_100": 0.01247,
        "precision_at_1000": 0.00162,
        "precision_at_3": 0.18062,
        "precision_at_5": 0.12666,
        "recall_at_1": 0.26651,
        "recall_at_10": 0.55674,
        "recall_at_100": 0.78904,
        "recall_at_1000": 0.92558,
        "recall_at_3": 0.4136,
        "recall_at_5": 0.46984
    },
    "mteb_dataset_name": "CQADupstackPhysicsRetrieval",
    "dataset_revision": "2b9f5791698b5be7bc5e10535c8690f20043c3db"
}