{
    "dataset_version": null,
    "mteb_version": "0.0.2",
    "test": {
        "evaluation_time": 506.29,
        "map_at_1": 0.15753,
        "map_at_10": 0.25876,
        "map_at_100": 0.27415,
        "map_at_1000": 0.27591,
        "map_at_3": 0.2217,
        "map_at_5": 0.24236,
        "mrr_at_1": 0.31019,
        "mrr_at_10": 0.39977,
        "mrr_at_100": 0.40789,
        "mrr_at_1000": 0.40832,
        "mrr_at_3": 0.37088,
        "mrr_at_5": 0.38655,
        "ndcg_at_1": 0.31019,
        "ndcg_at_10": 0.33286,
        "ndcg_at_100": 0.39529,
        "ndcg_at_1000": 0.42934,
        "ndcg_at_3": 0.2929,
        "ndcg_at_5": 0.30615,
        "precision_at_1": 0.31019,
        "precision_at_10": 0.09383,
        "precision_at_100": 0.01602,
        "precision_at_1000": 0.00222,
        "precision_at_3": 0.19753,
        "precision_at_5": 0.14815,
        "recall_at_1": 0.15753,
        "recall_at_10": 0.40896,
        "recall_at_100": 0.64443,
        "recall_at_1000": 0.85218,
        "recall_at_3": 0.26526,
        "recall_at_5": 0.32453
    },
    "mteb_dataset_name": "FiQA2018"
}