{
    "dataset_version": null,
    "mteb_version": "0.0.2",
    "test": {
        "en": {
            "accuracy": 0.6900806993947546,
            "accuracy_stderr": 0.012602822825246073,
            "f1": 0.6741429618885515,
            "f1_stderr": 0.011707310656187842,
            "main_score": 0.6900806993947546
        },
        "evaluation_time": 72.53
    },
    "mteb_dataset_name": "MassiveIntentClassification"
}