{
  "dataset_version": null,
  "mteb_version": "0.0.2",
  "test": {
    "evaluation_time": 3336.04,
    "v_measure": 0.31350109978273394,
    "v_measure_std": 0.015425381126297112
  }
}