{
  "dataset_version": null,
  "mteb_version": "0.0.2",
  "test": {
    "en": {
      "accuracy": 0.7184678522571819,
      "accuracy_stderr": 0.01111163093063421,
      "f1": 0.5365271934859202,
      "f1_stderr": 0.010588821247395342,
      "main_score": 0.7184678522571819
    },
    "evaluation_time": 122.63
  }
}