{
    "mteb_version": "0.0.2",
    "test": {
        "cos_sim": {
            "pearson": 0.7791692485139602,
            "spearman": 0.7278258293483495
        },
        "euclidean": {
            "pearson": 0.7464773017077789,
            "spearman": 0.7181662299104619
        },
        "evaluation_time": 52.55,
        "manhattan": {
            "pearson": 0.7471043337995533,
            "spearman": 0.7183960860845646
        }
    },
    "mteb_dataset_name": "STS14",
    "dataset_revision": "e2125984e7df8b7871f6ae9949cf6b6795e7c54b"
}