{
    "mteb_version": "0.0.2",
    "test": {
        "cos_sim": {
            "pearson": 0.7907989542843826,
            "spearman": 0.8009839524406284
        },
        "euclidean": {
            "pearson": 0.7643186028364195,
            "spearman": 0.7676720323266472
        },
        "evaluation_time": 19.91,
        "manhattan": {
            "pearson": 0.7646747474091611,
            "spearman": 0.7681797407068668
        }
    },
    "mteb_dataset_name": "STS16",
    "dataset_revision": "360a0b2dff98700d09e634a01e1cc1624d3e42cd"
}