{
    "dataset_version": null,
    "mteb_version": "0.0.2",
    "test": {
        "cos_sim": {
            "pearson": 0.8079514366062676,
            "spearman": 0.7920585637461047
        },
        "euclidean": {
            "pearson": 0.786591557395699,
            "spearman": 0.7786455794285717
        },
        "evaluation_time": 20.42,
        "manhattan": {
            "pearson": 0.7867754806486864,
            "spearman": 0.7788178687200732
        }
    },
    "mteb_dataset_name": "STSBenchmark"
}