{
    "mteb_version": "0.0.2",
    "test": {
        "accuracy": 0.6884080000000001,
        "accuracy_stderr": 0.03756498923199632,
        "ap": 0.13135219251019847,
        "ap_stderr": 0.008882217511035871,
        "evaluation_time": 1395.88,
        "f1": 0.5284999942199551,
        "f1_stderr": 0.0229079257888878,
        "main_score": 0.6884080000000001
    },
    "mteb_dataset_name": "ToxicConversationsClassification",
    "dataset_revision": "edfaf9da55d3dd50d43143d90c1ac476895ae6de"
}