{
    "dataset_version": null,
    "mteb_version": "0.0.2",
    "test": {
        "evaluation_time": 1514.42,
        "map_at_1": 0.00223,
        "map_at_10": 0.01762,
        "map_at_100": 0.09984,
        "map_at_1000": 0.24265,
        "map_at_3": 0.00631,
        "map_at_5": 0.00995,
        "mrr_at_1": 0.88,
        "mrr_at_10": 0.92833,
        "mrr_at_100": 0.92833,
        "mrr_at_1000": 0.92833,
        "mrr_at_3": 0.92333,
        "mrr_at_5": 0.92833,
        "ndcg_at_1": 0.83,
        "ndcg_at_10": 0.7517,
        "ndcg_at_100": 0.55432,
        "ndcg_at_1000": 0.49482,
        "ndcg_at_3": 0.82184,
        "ndcg_at_5": 0.79712,
        "precision_at_1": 0.88,
        "precision_at_10": 0.786,
        "precision_at_100": 0.5656,
        "precision_at_1000": 0.22334,
        "precision_at_3": 0.86667,
        "precision_at_5": 0.836,
        "recall_at_1": 0.00223,
        "recall_at_10": 0.01988,
        "recall_at_100": 0.13301,
        "recall_at_1000": 0.46587,
        "recall_at_3": 0.00663,
        "recall_at_5": 0.01079
    },
    "mteb_dataset_name": "TRECCOVID"
}